filename,label
d (1).jpg,"[0, 1]"
d (10).jpg,"[0, 1]"
d (100).jpg,"[0, 1]"
d (1000).jpg,"[0, 1]"
d (1001).jpg,"[0, 1]"
d (1002).jpg,"[0, 1]"
d (1003).jpg,"[0, 1]"
d (1004).jpg,"[0, 1]"
d (1005).jpg,"[0, 1]"
d (1006).jpg,"[0, 1]"
d (1007).jpg,"[0, 1]"
d (1008).jpg,"[0, 1]"
d (1009).jpg,"[0, 1]"
d (101).jpg,"[0, 1]"
d (1010).jpg,"[0, 1]"
d (1011).jpg,"[0, 1]"
d (1012).jpg,"[0, 1]"
d (1013).jpg,"[0, 1]"
d (1014).jpg,"[0, 1]"
d (1015).jpg,"[0, 1]"
d (1016).jpg,"[0, 1]"
d (1017).jpg,"[0, 1]"
d (1018).jpg,"[0, 1]"
d (1019).jpg,"[0, 1]"
d (102).jpg,"[0, 1]"
d (1020).jpg,"[0, 1]"
d (1021).jpg,"[0, 1]"
d (1022).jpg,"[0, 1]"
d (1023).jpg,"[0, 1]"
d (1024).jpg,"[0, 1]"
d (1025).jpg,"[0, 1]"
d (1026).jpg,"[0, 1]"
d (1027).jpg,"[0, 1]"
d (1028).jpg,"[0, 1]"
d (1029).jpg,"[0, 1]"
d (103).jpg,"[0, 1]"
d (1030).jpg,"[0, 1]"
d (1031).jpg,"[0, 1]"
d (1032).jpg,"[0, 1]"
d (1033).jpg,"[0, 1]"
d (1034).jpg,"[0, 1]"
d (1035).jpg,"[0, 1]"
d (1036).jpg,"[0, 1]"
d (1037).jpg,"[0, 1]"
d (1038).jpg,"[0, 1]"
d (1039).jpg,"[0, 1]"
d (104).jpg,"[0, 1]"
d (1040).jpg,"[0, 1]"
d (1041).jpg,"[0, 1]"
d (1042).jpg,"[0, 1]"
d (1043).jpg,"[0, 1]"
d (1044).jpg,"[0, 1]"
d (1045).jpg,"[0, 1]"
d (1046).jpg,"[0, 1]"
d (1047).jpg,"[0, 1]"
d (1048).jpg,"[0, 1]"
d (1049).jpg,"[0, 1]"
d (105).jpg,"[0, 1]"
d (1050).jpg,"[0, 1]"
d (1051).jpg,"[0, 1]"
d (1052).jpg,"[0, 1]"
d (1053).jpg,"[0, 1]"
d (1054).jpg,"[0, 1]"
d (1055).jpg,"[0, 1]"
d (1056).jpg,"[0, 1]"
d (1057).jpg,"[0, 1]"
d (1058).jpg,"[0, 1]"
d (1059).jpg,"[0, 1]"
d (106).jpg,"[0, 1]"
d (1060).jpg,"[0, 1]"
d (1061).jpg,"[0, 1]"
d (1062).jpg,"[0, 1]"
d (1063).jpg,"[0, 1]"
d (1064).jpg,"[0, 1]"
d (1065).jpg,"[0, 1]"
d (1066).jpg,"[0, 1]"
d (1067).jpg,"[0, 1]"
d (1068).jpg,"[0, 1]"
d (1069).jpg,"[0, 1]"
d (107).jpg,"[0, 1]"
d (1070).jpg,"[0, 1]"
d (1071).jpg,"[0, 1]"
d (1072).jpg,"[0, 1]"
d (1073).jpg,"[0, 1]"
d (1074).jpg,"[0, 1]"
d (1075).jpg,"[0, 1]"
d (1076).jpg,"[0, 1]"
d (1077).jpg,"[0, 1]"
d (1078).jpg,"[0, 1]"
d (1079).jpg,"[0, 1]"
d (108).jpg,"[0, 1]"
d (1080).jpg,"[0, 1]"
d (1081).jpg,"[0, 1]"
d (1082).jpg,"[0, 1]"
d (1083).jpg,"[0, 1]"
d (1084).jpg,"[0, 1]"
d (1085).jpg,"[0, 1]"
d (1086).jpg,"[0, 1]"
d (1087).jpg,"[0, 1]"
d (1088).jpg,"[0, 1]"
d (1089).jpg,"[0, 1]"
d (109).jpg,"[0, 1]"
d (1090).jpg,"[0, 1]"
d (1091).jpg,"[0, 1]"
d (1092).jpg,"[0, 1]"
d (1093).jpg,"[0, 1]"
d (1094).jpg,"[0, 1]"
d (1095).jpg,"[0, 1]"
d (1096).jpg,"[0, 1]"
d (1097).jpg,"[0, 1]"
d (1098).jpg,"[0, 1]"
d (1099).jpg,"[0, 1]"
d (11).jpg,"[0, 1]"
d (110).jpg,"[0, 1]"
d (1100).jpg,"[0, 1]"
d (1101).jpg,"[0, 1]"
d (1102).jpg,"[0, 1]"
d (1103).jpg,"[0, 1]"
d (1104).jpg,"[0, 1]"
d (1105).jpg,"[0, 1]"
d (1106).jpg,"[0, 1]"
d (1107).jpg,"[0, 1]"
d (1108).jpg,"[0, 1]"
d (1109).jpg,"[0, 1]"
d (111).jpg,"[0, 1]"
d (1110).jpg,"[0, 1]"
d (1111).jpg,"[0, 1]"
d (1112).jpg,"[0, 1]"
d (1113).jpg,"[0, 1]"
d (1114).jpg,"[0, 1]"
d (1115).jpg,"[0, 1]"
d (1116).jpg,"[0, 1]"
d (1117).jpg,"[0, 1]"
d (1118).jpg,"[0, 1]"
d (1119).jpg,"[0, 1]"
d (112).jpg,"[0, 1]"
d (1120).jpg,"[0, 1]"
d (1121).jpg,"[0, 1]"
d (1122).jpg,"[0, 1]"
d (1123).jpg,"[0, 1]"
d (1124).jpg,"[0, 1]"
d (1125).jpg,"[0, 1]"
d (1126).jpg,"[0, 1]"
d (1127).jpg,"[0, 1]"
d (1128).jpg,"[0, 1]"
d (1129).jpg,"[0, 1]"
d (113).jpg,"[0, 1]"
d (1130).jpg,"[0, 1]"
d (1131).jpg,"[0, 1]"
d (1132).jpg,"[0, 1]"
d (1133).jpg,"[0, 1]"
d (1134).jpg,"[0, 1]"
d (1135).jpg,"[0, 1]"
d (1136).jpg,"[0, 1]"
d (1137).jpg,"[0, 1]"
d (1138).jpg,"[0, 1]"
d (1139).jpg,"[0, 1]"
d (114).jpg,"[0, 1]"
d (1140).jpg,"[0, 1]"
d (1141).jpg,"[0, 1]"
d (1142).jpg,"[0, 1]"
d (1143).jpg,"[0, 1]"
d (1144).jpg,"[0, 1]"
d (1145).jpg,"[0, 1]"
d (1146).jpg,"[0, 1]"
d (1147).jpg,"[0, 1]"
d (1148).jpg,"[0, 1]"
d (1149).jpg,"[0, 1]"
d (115).jpg,"[0, 1]"
d (1150).jpg,"[0, 1]"
d (1151).jpg,"[0, 1]"
d (1152).jpg,"[0, 1]"
d (1153).jpg,"[0, 1]"
d (1154).jpg,"[0, 1]"
d (1155).jpg,"[0, 1]"
d (1156).jpg,"[0, 1]"
d (1157).jpg,"[0, 1]"
d (1158).jpg,"[0, 1]"
d (1159).jpg,"[0, 1]"
d (116).jpg,"[0, 1]"
d (1160).jpg,"[0, 1]"
d (1161).jpg,"[0, 1]"
d (1162).jpg,"[0, 1]"
d (1163).jpg,"[0, 1]"
d (1164).jpg,"[0, 1]"
d (1165).jpg,"[0, 1]"
d (1166).jpg,"[0, 1]"
d (1167).jpg,"[0, 1]"
d (1168).jpg,"[0, 1]"
d (1169).jpg,"[0, 1]"
d (117).jpg,"[0, 1]"
d (1170).jpg,"[0, 1]"
d (1171).jpg,"[0, 1]"
d (1172).jpg,"[0, 1]"
d (1173).jpg,"[0, 1]"
d (1174).jpg,"[0, 1]"
d (1175).jpg,"[0, 1]"
d (1176).jpg,"[0, 1]"
d (1177).jpg,"[0, 1]"
d (1178).jpg,"[0, 1]"
d (1179).jpg,"[0, 1]"
d (118).jpg,"[0, 1]"
d (1180).jpg,"[0, 1]"
d (1181).jpg,"[0, 1]"
d (1182).jpg,"[0, 1]"
d (1183).jpg,"[0, 1]"
d (1184).jpg,"[0, 1]"
d (1185).jpg,"[0, 1]"
d (1186).jpg,"[0, 1]"
d (1187).jpg,"[0, 1]"
d (1188).jpg,"[0, 1]"
d (1189).jpg,"[0, 1]"
d (119).jpg,"[0, 1]"
d (1190).jpg,"[0, 1]"
d (1191).jpg,"[0, 1]"
d (1192).jpg,"[0, 1]"
d (1193).jpg,"[0, 1]"
d (1194).jpg,"[0, 1]"
d (1195).jpg,"[0, 1]"
d (1196).jpg,"[0, 1]"
d (1197).jpg,"[0, 1]"
d (1198).jpg,"[0, 1]"
d (1199).jpg,"[0, 1]"
d (12).jpg,"[0, 1]"
d (120).jpg,"[0, 1]"
d (1200).jpg,"[0, 1]"
d (1201).jpg,"[0, 1]"
d (1202).jpg,"[0, 1]"
d (1203).jpg,"[0, 1]"
d (1204).jpg,"[0, 1]"
d (1205).jpg,"[0, 1]"
d (1206).jpg,"[0, 1]"
d (1207).jpg,"[0, 1]"
d (1208).jpg,"[0, 1]"
d (1209).jpg,"[0, 1]"
d (121).jpg,"[0, 1]"
d (1210).jpg,"[0, 1]"
d (1211).jpg,"[0, 1]"
d (1212).jpg,"[0, 1]"
d (1213).jpg,"[0, 1]"
d (1214).jpg,"[0, 1]"
d (1215).jpg,"[0, 1]"
d (1216).jpg,"[0, 1]"
d (1217).jpg,"[0, 1]"
d (1218).jpg,"[0, 1]"
d (1219).jpg,"[0, 1]"
d (122).jpg,"[0, 1]"
d (1220).jpg,"[0, 1]"
d (1221).jpg,"[0, 1]"
d (1222).jpg,"[0, 1]"
d (1223).jpg,"[0, 1]"
d (1224).jpg,"[0, 1]"
d (1225).jpg,"[0, 1]"
d (1226).jpg,"[0, 1]"
d (1227).jpg,"[0, 1]"
d (1228).jpg,"[0, 1]"
d (1229).jpg,"[0, 1]"
d (123).jpg,"[0, 1]"
d (1230).jpg,"[0, 1]"
d (1231).jpg,"[0, 1]"
d (1232).jpg,"[0, 1]"
d (1233).jpg,"[0, 1]"
d (1234).jpg,"[0, 1]"
d (1235).jpg,"[0, 1]"
d (1236).jpg,"[0, 1]"
d (1237).jpg,"[0, 1]"
d (1238).jpg,"[0, 1]"
d (1239).jpg,"[0, 1]"
d (124).jpg,"[0, 1]"
d (1240).jpg,"[0, 1]"
d (1241).jpg,"[0, 1]"
d (1242).jpg,"[0, 1]"
d (1243).jpg,"[0, 1]"
d (1244).jpg,"[0, 1]"
d (1245).jpg,"[0, 1]"
d (1246).jpg,"[0, 1]"
d (1247).jpg,"[0, 1]"
d (1248).jpg,"[0, 1]"
d (1249).jpg,"[0, 1]"
d (125).jpg,"[0, 1]"
d (1250).jpg,"[0, 1]"
d (1251).jpg,"[0, 1]"
d (1252).jpg,"[0, 1]"
d (1253).jpg,"[0, 1]"
d (1254).jpg,"[0, 1]"
d (1255).jpg,"[0, 1]"
d (1256).jpg,"[0, 1]"
d (1257).jpg,"[0, 1]"
d (1258).jpg,"[0, 1]"
d (1259).jpg,"[0, 1]"
d (126).jpg,"[0, 1]"
d (1260).jpg,"[0, 1]"
d (1261).jpg,"[0, 1]"
d (1262).jpg,"[0, 1]"
d (1263).jpg,"[0, 1]"
d (1264).jpg,"[0, 1]"
d (1265).jpg,"[0, 1]"
d (1266).jpg,"[0, 1]"
d (1267).jpg,"[0, 1]"
d (1268).jpg,"[0, 1]"
d (1269).jpg,"[0, 1]"
d (127).jpg,"[0, 1]"
d (1270).jpg,"[0, 1]"
d (1271).jpg,"[0, 1]"
d (1272).jpg,"[0, 1]"
d (1273).jpg,"[0, 1]"
d (1274).jpg,"[0, 1]"
d (1275).jpg,"[0, 1]"
d (1276).jpg,"[0, 1]"
d (1277).jpg,"[0, 1]"
d (1278).jpg,"[0, 1]"
d (1279).jpg,"[0, 1]"
d (128).jpg,"[0, 1]"
d (1280).jpg,"[0, 1]"
d (1281).jpg,"[0, 1]"
d (1282).jpg,"[0, 1]"
d (1283).jpg,"[0, 1]"
d (1284).jpg,"[0, 1]"
d (1285).jpg,"[0, 1]"
d (1286).jpg,"[0, 1]"
d (1287).jpg,"[0, 1]"
d (1288).jpg,"[0, 1]"
d (1289).jpg,"[0, 1]"
d (129).jpg,"[0, 1]"
d (1290).jpg,"[0, 1]"
d (1291).jpg,"[0, 1]"
d (1292).jpg,"[0, 1]"
d (1293).jpg,"[0, 1]"
d (1294).jpg,"[0, 1]"
d (1295).jpg,"[0, 1]"
d (1296).jpg,"[0, 1]"
d (1297).jpg,"[0, 1]"
d (1298).jpg,"[0, 1]"
d (1299).jpg,"[0, 1]"
d (13).jpg,"[0, 1]"
d (130).jpg,"[0, 1]"
d (1300).jpg,"[0, 1]"
d (1301).jpg,"[0, 1]"
d (1302).jpg,"[0, 1]"
d (1303).jpg,"[0, 1]"
d (1304).jpg,"[0, 1]"
d (1305).jpg,"[0, 1]"
d (1306).jpg,"[0, 1]"
d (1307).jpg,"[0, 1]"
d (1308).jpg,"[0, 1]"
d (1309).jpg,"[0, 1]"
d (131).jpg,"[0, 1]"
d (1310).jpg,"[0, 1]"
d (1311).jpg,"[0, 1]"
d (1312).jpg,"[0, 1]"
d (1313).jpg,"[0, 1]"
d (1314).jpg,"[0, 1]"
d (1315).jpg,"[0, 1]"
d (1316).jpg,"[0, 1]"
d (1317).jpg,"[0, 1]"
d (1318).jpg,"[0, 1]"
d (1319).jpg,"[0, 1]"
d (132).jpg,"[0, 1]"
d (1320).jpg,"[0, 1]"
d (1321).jpg,"[0, 1]"
d (1322).jpg,"[0, 1]"
d (1323).jpg,"[0, 1]"
d (1324).jpg,"[0, 1]"
d (1325).jpg,"[0, 1]"
d (1326).jpg,"[0, 1]"
d (1327).jpg,"[0, 1]"
d (1328).jpg,"[0, 1]"
d (1329).jpg,"[0, 1]"
d (133).jpg,"[0, 1]"
d (1330).jpg,"[0, 1]"
d (1331).jpg,"[0, 1]"
d (1332).jpg,"[0, 1]"
d (1333).jpg,"[0, 1]"
d (1334).jpg,"[0, 1]"
d (1335).jpg,"[0, 1]"
d (1336).jpg,"[0, 1]"
d (1337).jpg,"[0, 1]"
d (1338).jpg,"[0, 1]"
d (1339).jpg,"[0, 1]"
d (134).jpg,"[0, 1]"
d (1340).jpg,"[0, 1]"
d (1341).jpg,"[0, 1]"
d (1342).jpg,"[0, 1]"
d (1343).jpg,"[0, 1]"
d (1344).jpg,"[0, 1]"
d (1345).jpg,"[0, 1]"
d (1346).jpg,"[0, 1]"
d (1347).jpg,"[0, 1]"
d (1348).jpg,"[0, 1]"
d (1349).jpg,"[0, 1]"
d (135).jpg,"[0, 1]"
d (1350).jpg,"[0, 1]"
d (1351).jpg,"[0, 1]"
d (1352).jpg,"[0, 1]"
d (1353).jpg,"[0, 1]"
d (1354).jpg,"[0, 1]"
d (1355).jpg,"[0, 1]"
d (1356).jpg,"[0, 1]"
d (1357).jpg,"[0, 1]"
d (1358).jpg,"[0, 1]"
d (1359).jpg,"[0, 1]"
d (136).jpg,"[0, 1]"
d (1360).jpg,"[0, 1]"
d (1361).jpg,"[0, 1]"
d (1362).jpg,"[0, 1]"
d (1363).jpg,"[0, 1]"
d (1364).jpg,"[0, 1]"
d (1365).jpg,"[0, 1]"
d (1366).jpg,"[0, 1]"
d (1367).jpg,"[0, 1]"
d (1368).jpg,"[0, 1]"
d (1369).jpg,"[0, 1]"
d (137).jpg,"[0, 1]"
d (1370).jpg,"[0, 1]"
d (1371).jpg,"[0, 1]"
d (1372).jpg,"[0, 1]"
d (1373).jpg,"[0, 1]"
d (1374).jpg,"[0, 1]"
d (1375).jpg,"[0, 1]"
d (1376).jpg,"[0, 1]"
d (1377).jpg,"[0, 1]"
d (1378).jpg,"[0, 1]"
d (1379).jpg,"[0, 1]"
d (138).jpg,"[0, 1]"
d (1380).jpg,"[0, 1]"
d (1381).jpg,"[0, 1]"
d (1382).jpg,"[0, 1]"
d (1383).jpg,"[0, 1]"
d (1384).jpg,"[0, 1]"
d (1385).jpg,"[0, 1]"
d (1386).jpg,"[0, 1]"
d (1387).jpg,"[0, 1]"
d (1388).jpg,"[0, 1]"
d (1389).jpg,"[0, 1]"
d (139).jpg,"[0, 1]"
d (1390).jpg,"[0, 1]"
d (1391).jpg,"[0, 1]"
d (1392).jpg,"[0, 1]"
d (1393).jpg,"[0, 1]"
d (1394).jpg,"[0, 1]"
d (1395).jpg,"[0, 1]"
d (1396).jpg,"[0, 1]"
d (1397).jpg,"[0, 1]"
d (1398).jpg,"[0, 1]"
d (1399).jpg,"[0, 1]"
d (14).jpg,"[0, 1]"
d (140).jpg,"[0, 1]"
d (1400).jpg,"[0, 1]"
d (1401).jpg,"[0, 1]"
d (1402).jpg,"[0, 1]"
d (1403).jpg,"[0, 1]"
d (1404).jpg,"[0, 1]"
d (1405).jpg,"[0, 1]"
d (1406).jpg,"[0, 1]"
d (1407).jpg,"[0, 1]"
d (1408).jpg,"[0, 1]"
d (1409).jpg,"[0, 1]"
d (141).jpg,"[0, 1]"
d (1410).jpg,"[0, 1]"
d (1411).jpg,"[0, 1]"
d (1412).jpg,"[0, 1]"
d (1413).jpg,"[0, 1]"
d (1414).jpg,"[0, 1]"
d (1415).jpg,"[0, 1]"
d (1416).jpg,"[0, 1]"
d (1417).jpg,"[0, 1]"
d (1418).jpg,"[0, 1]"
d (1419).jpg,"[0, 1]"
d (142).jpg,"[0, 1]"
d (1420).jpg,"[0, 1]"
d (1421).jpg,"[0, 1]"
d (1422).jpg,"[0, 1]"
d (1423).jpg,"[0, 1]"
d (1424).jpg,"[0, 1]"
d (1425).jpg,"[0, 1]"
d (1426).jpg,"[0, 1]"
d (1427).jpg,"[0, 1]"
d (1428).jpg,"[0, 1]"
d (1429).jpg,"[0, 1]"
d (143).jpg,"[0, 1]"
d (1430).jpg,"[0, 1]"
d (1431).jpg,"[0, 1]"
d (1432).jpg,"[0, 1]"
d (1433).jpg,"[0, 1]"
d (1434).jpg,"[0, 1]"
d (1435).jpg,"[0, 1]"
d (1436).jpg,"[0, 1]"
d (1437).jpg,"[0, 1]"
d (1438).jpg,"[0, 1]"
d (1439).jpg,"[0, 1]"
d (144).jpg,"[0, 1]"
d (1440).jpg,"[0, 1]"
d (1441).jpg,"[0, 1]"
d (1442).jpg,"[0, 1]"
d (1443).jpg,"[0, 1]"
d (1444).jpg,"[0, 1]"
d (1445).jpg,"[0, 1]"
d (1446).jpg,"[0, 1]"
d (1447).jpg,"[0, 1]"
d (1448).jpg,"[0, 1]"
d (1449).jpg,"[0, 1]"
d (145).jpg,"[0, 1]"
d (1450).jpg,"[0, 1]"
d (1451).jpg,"[0, 1]"
d (1452).jpg,"[0, 1]"
d (1453).jpg,"[0, 1]"
d (1454).jpg,"[0, 1]"
d (1455).jpg,"[0, 1]"
d (1456).jpg,"[0, 1]"
d (1457).jpg,"[0, 1]"
d (1458).jpg,"[0, 1]"
d (1459).jpg,"[0, 1]"
d (146).jpg,"[0, 1]"
d (1460).jpg,"[0, 1]"
d (1461).jpg,"[0, 1]"
d (1462).jpg,"[0, 1]"
d (1463).jpg,"[0, 1]"
d (1464).jpg,"[0, 1]"
d (1465).jpg,"[0, 1]"
d (1466).jpg,"[0, 1]"
d (1467).jpg,"[0, 1]"
d (1468).jpg,"[0, 1]"
d (1469).jpg,"[0, 1]"
d (147).jpg,"[0, 1]"
d (1470).jpg,"[0, 1]"
d (1471).jpg,"[0, 1]"
d (1472).jpg,"[0, 1]"
d (1473).jpg,"[0, 1]"
d (1474).jpg,"[0, 1]"
d (1475).jpg,"[0, 1]"
d (1476).jpg,"[0, 1]"
d (1477).jpg,"[0, 1]"
d (1478).jpg,"[0, 1]"
d (1479).jpg,"[0, 1]"
d (148).jpg,"[0, 1]"
d (1480).jpg,"[0, 1]"
d (1481).jpg,"[0, 1]"
d (1482).jpg,"[0, 1]"
d (1483).jpg,"[0, 1]"
d (1484).jpg,"[0, 1]"
d (1485).jpg,"[0, 1]"
d (1486).jpg,"[0, 1]"
d (1487).jpg,"[0, 1]"
d (1488).jpg,"[0, 1]"
d (1489).jpg,"[0, 1]"
d (149).jpg,"[0, 1]"
d (1490).jpg,"[0, 1]"
d (1491).jpg,"[0, 1]"
d (1492).jpg,"[0, 1]"
d (1493).jpg,"[0, 1]"
d (1494).jpg,"[0, 1]"
d (1495).jpg,"[0, 1]"
d (1496).jpg,"[0, 1]"
d (1497).jpg,"[0, 1]"
d (1498).jpg,"[0, 1]"
d (1499).jpg,"[0, 1]"
d (15).jpg,"[0, 1]"
d (150).jpg,"[0, 1]"
d (1500).jpg,"[0, 1]"
d (1501).jpg,"[0, 1]"
d (1502).jpg,"[0, 1]"
d (1503).jpg,"[0, 1]"
d (1504).jpg,"[0, 1]"
d (1505).jpg,"[0, 1]"
d (1506).jpg,"[0, 1]"
d (1507).jpg,"[0, 1]"
d (1508).jpg,"[0, 1]"
d (1509).jpg,"[0, 1]"
d (151).jpg,"[0, 1]"
d (1510).jpg,"[0, 1]"
d (1511).jpg,"[0, 1]"
d (1512).jpg,"[0, 1]"
d (1513).jpg,"[0, 1]"
d (1514).jpg,"[0, 1]"
d (1515).jpg,"[0, 1]"
d (1516).jpg,"[0, 1]"
d (1517).jpg,"[0, 1]"
d (1518).jpg,"[0, 1]"
d (1519).jpg,"[0, 1]"
d (152).jpg,"[0, 1]"
d (1520).jpg,"[0, 1]"
d (1521).jpg,"[0, 1]"
d (1522).jpg,"[0, 1]"
d (1523).jpg,"[0, 1]"
d (1524).jpg,"[0, 1]"
d (1525).jpg,"[0, 1]"
d (1526).jpg,"[0, 1]"
d (1527).jpg,"[0, 1]"
d (1528).jpg,"[0, 1]"
d (1529).jpg,"[0, 1]"
d (153).jpg,"[0, 1]"
d (1530).jpg,"[0, 1]"
d (1531).jpg,"[0, 1]"
d (1532).jpg,"[0, 1]"
d (1533).jpg,"[0, 1]"
d (1534).jpg,"[0, 1]"
d (1535).jpg,"[0, 1]"
d (1536).jpg,"[0, 1]"
d (1537).jpg,"[0, 1]"
d (1538).jpg,"[0, 1]"
d (1539).jpg,"[0, 1]"
d (154).jpg,"[0, 1]"
d (1540).jpg,"[0, 1]"
d (1541).jpg,"[0, 1]"
d (1542).jpg,"[0, 1]"
d (1543).jpg,"[0, 1]"
d (1544).jpg,"[0, 1]"
d (1545).jpg,"[0, 1]"
d (1546).jpg,"[0, 1]"
d (1547).jpg,"[0, 1]"
d (1548).jpg,"[0, 1]"
d (1549).jpg,"[0, 1]"
d (155).jpg,"[0, 1]"
d (1550).jpg,"[0, 1]"
d (1551).jpg,"[0, 1]"
d (1552).jpg,"[0, 1]"
d (1553).jpg,"[0, 1]"
d (1554).jpg,"[0, 1]"
d (1555).jpg,"[0, 1]"
d (1556).jpg,"[0, 1]"
d (1557).jpg,"[0, 1]"
d (1558).jpg,"[0, 1]"
d (1559).jpg,"[0, 1]"
d (156).jpg,"[0, 1]"
d (1560).jpg,"[0, 1]"
d (1561).jpg,"[0, 1]"
d (1562).jpg,"[0, 1]"
d (1563).jpg,"[0, 1]"
d (1564).jpg,"[0, 1]"
d (1565).jpg,"[0, 1]"
d (1566).jpg,"[0, 1]"
d (1567).jpg,"[0, 1]"
d (1568).jpg,"[0, 1]"
d (1569).jpg,"[0, 1]"
d (157).jpg,"[0, 1]"
d (1570).jpg,"[0, 1]"
d (1571).jpg,"[0, 1]"
d (1572).jpg,"[0, 1]"
d (1573).jpg,"[0, 1]"
d (1574).jpg,"[0, 1]"
d (1575).jpg,"[0, 1]"
d (1576).jpg,"[0, 1]"
d (1577).jpg,"[0, 1]"
d (1578).jpg,"[0, 1]"
d (1579).jpg,"[0, 1]"
d (158).jpg,"[0, 1]"
d (1580).jpg,"[0, 1]"
d (1581).jpg,"[0, 1]"
d (1582).jpg,"[0, 1]"
d (1583).jpg,"[0, 1]"
d (1584).jpg,"[0, 1]"
d (1585).jpg,"[0, 1]"
d (1586).jpg,"[0, 1]"
d (1587).jpg,"[0, 1]"
d (1588).jpg,"[0, 1]"
d (1589).jpg,"[0, 1]"
d (159).jpg,"[0, 1]"
d (1590).jpg,"[0, 1]"
d (1591).jpg,"[0, 1]"
d (1592).jpg,"[0, 1]"
d (1593).jpg,"[0, 1]"
d (1594).jpg,"[0, 1]"
d (1595).jpg,"[0, 1]"
d (1596).jpg,"[0, 1]"
d (1597).jpg,"[0, 1]"
d (1598).jpg,"[0, 1]"
d (1599).jpg,"[0, 1]"
d (16).jpg,"[0, 1]"
d (160).jpg,"[0, 1]"
d (1600).jpg,"[0, 1]"
d (1601).jpg,"[0, 1]"
d (1602).jpg,"[0, 1]"
d (1603).jpg,"[0, 1]"
d (1604).jpg,"[0, 1]"
d (1605).jpg,"[0, 1]"
d (1606).jpg,"[0, 1]"
d (1607).jpg,"[0, 1]"
d (1608).jpg,"[0, 1]"
d (1609).jpg,"[0, 1]"
d (161).jpg,"[0, 1]"
d (1610).jpg,"[0, 1]"
d (1611).jpg,"[0, 1]"
d (1612).jpg,"[0, 1]"
d (1613).jpg,"[0, 1]"
d (1614).jpg,"[0, 1]"
d (1615).jpg,"[0, 1]"
d (1616).jpg,"[0, 1]"
d (1617).jpg,"[0, 1]"
d (1618).jpg,"[0, 1]"
d (1619).jpg,"[0, 1]"
d (162).jpg,"[0, 1]"
d (1620).jpg,"[0, 1]"
d (1621).jpg,"[0, 1]"
d (1622).jpg,"[0, 1]"
d (1623).jpg,"[0, 1]"
d (1624).jpg,"[0, 1]"
d (1625).jpg,"[0, 1]"
d (1626).jpg,"[0, 1]"
d (1627).jpg,"[0, 1]"
d (1628).jpg,"[0, 1]"
d (1629).jpg,"[0, 1]"
d (163).jpg,"[0, 1]"
d (1630).jpg,"[0, 1]"
d (1631).jpg,"[0, 1]"
d (1632).jpg,"[0, 1]"
d (1633).jpg,"[0, 1]"
d (1634).jpg,"[0, 1]"
d (1635).jpg,"[0, 1]"
d (1636).jpg,"[0, 1]"
d (1637).jpg,"[0, 1]"
d (1638).jpg,"[0, 1]"
d (1639).jpg,"[0, 1]"
d (164).jpg,"[0, 1]"
d (1640).jpg,"[0, 1]"
d (1641).jpg,"[0, 1]"
d (1642).jpg,"[0, 1]"
d (1643).jpg,"[0, 1]"
d (1644).jpg,"[0, 1]"
d (1645).jpg,"[0, 1]"
d (1646).jpg,"[0, 1]"
d (1647).jpg,"[0, 1]"
d (1648).jpg,"[0, 1]"
d (1649).jpg,"[0, 1]"
d (165).jpg,"[0, 1]"
d (1650).jpg,"[0, 1]"
d (1651).jpg,"[0, 1]"
d (1652).jpg,"[0, 1]"
d (1653).jpg,"[0, 1]"
d (1654).jpg,"[0, 1]"
d (1655).jpg,"[0, 1]"
d (1656).jpg,"[0, 1]"
d (1657).jpg,"[0, 1]"
d (1658).jpg,"[0, 1]"
d (1659).jpg,"[0, 1]"
d (166).jpg,"[0, 1]"
d (1660).jpg,"[0, 1]"
d (1661).jpg,"[0, 1]"
d (1662).jpg,"[0, 1]"
d (1663).jpg,"[0, 1]"
d (1664).jpg,"[0, 1]"
d (1665).jpg,"[0, 1]"
d (1666).jpg,"[0, 1]"
d (1667).jpg,"[0, 1]"
d (1668).jpg,"[0, 1]"
d (1669).jpg,"[0, 1]"
d (167).jpg,"[0, 1]"
d (1670).jpg,"[0, 1]"
d (1671).jpg,"[0, 1]"
d (1672).jpg,"[0, 1]"
d (1673).jpg,"[0, 1]"
d (1674).jpg,"[0, 1]"
d (1675).jpg,"[0, 1]"
d (1676).jpg,"[0, 1]"
d (1677).jpg,"[0, 1]"
d (1678).jpg,"[0, 1]"
d (1679).jpg,"[0, 1]"
d (168).jpg,"[0, 1]"
d (1680).jpg,"[0, 1]"
d (1681).jpg,"[0, 1]"
d (1682).jpg,"[0, 1]"
d (1683).jpg,"[0, 1]"
d (1684).jpg,"[0, 1]"
d (1685).jpg,"[0, 1]"
d (1686).jpg,"[0, 1]"
d (1687).jpg,"[0, 1]"
d (1688).jpg,"[0, 1]"
d (1689).jpg,"[0, 1]"
d (169).jpg,"[0, 1]"
d (1690).jpg,"[0, 1]"
d (1691).jpg,"[0, 1]"
d (1692).jpg,"[0, 1]"
d (1693).jpg,"[0, 1]"
d (1694).jpg,"[0, 1]"
d (1695).jpg,"[0, 1]"
d (1696).jpg,"[0, 1]"
d (1697).jpg,"[0, 1]"
d (1698).jpg,"[0, 1]"
d (1699).jpg,"[0, 1]"
d (17).jpg,"[0, 1]"
d (170).jpg,"[0, 1]"
d (1700).jpg,"[0, 1]"
d (1701).jpg,"[0, 1]"
d (1702).jpg,"[0, 1]"
d (1703).jpg,"[0, 1]"
d (1704).jpg,"[0, 1]"
d (1705).jpg,"[0, 1]"
d (1706).jpg,"[0, 1]"
d (1707).jpg,"[0, 1]"
d (1708).jpg,"[0, 1]"
d (1709).jpg,"[0, 1]"
d (171).jpg,"[0, 1]"
d (1710).jpg,"[0, 1]"
d (1711).jpg,"[0, 1]"
d (1712).jpg,"[0, 1]"
d (1713).jpg,"[0, 1]"
d (1714).jpg,"[0, 1]"
d (1715).jpg,"[0, 1]"
d (1716).jpg,"[0, 1]"
d (1717).jpg,"[0, 1]"
d (1718).jpg,"[0, 1]"
d (1719).jpg,"[0, 1]"
d (172).jpg,"[0, 1]"
d (1720).jpg,"[0, 1]"
d (1721).jpg,"[0, 1]"
d (1722).jpg,"[0, 1]"
d (1723).jpg,"[0, 1]"
d (1724).jpg,"[0, 1]"
d (1725).jpg,"[0, 1]"
d (1726).jpg,"[0, 1]"
d (1727).jpg,"[0, 1]"
d (1728).jpg,"[0, 1]"
d (1729).jpg,"[0, 1]"
d (173).jpg,"[0, 1]"
d (1730).jpg,"[0, 1]"
d (1731).jpg,"[0, 1]"
d (1732).jpg,"[0, 1]"
d (1733).jpg,"[0, 1]"
d (1734).jpg,"[0, 1]"
d (1735).jpg,"[0, 1]"
d (1736).jpg,"[0, 1]"
d (1737).jpg,"[0, 1]"
d (1738).jpg,"[0, 1]"
d (1739).jpg,"[0, 1]"
d (174).jpg,"[0, 1]"
d (1740).jpg,"[0, 1]"
d (1741).jpg,"[0, 1]"
d (1742).jpg,"[0, 1]"
d (1743).jpg,"[0, 1]"
d (1744).jpg,"[0, 1]"
d (1745).jpg,"[0, 1]"
d (1746).jpg,"[0, 1]"
d (1747).jpg,"[0, 1]"
d (1748).jpg,"[0, 1]"
d (1749).jpg,"[0, 1]"
d (175).jpg,"[0, 1]"
d (1750).jpg,"[0, 1]"
d (1751).jpg,"[0, 1]"
d (1752).jpg,"[0, 1]"
d (1753).jpg,"[0, 1]"
d (1754).jpg,"[0, 1]"
d (1755).jpg,"[0, 1]"
d (1756).jpg,"[0, 1]"
d (1757).jpg,"[0, 1]"
d (1758).jpg,"[0, 1]"
d (1759).jpg,"[0, 1]"
d (176).jpg,"[0, 1]"
d (1760).jpg,"[0, 1]"
d (1761).jpg,"[0, 1]"
d (1762).jpg,"[0, 1]"
d (1763).jpg,"[0, 1]"
d (1764).jpg,"[0, 1]"
d (1765).jpg,"[0, 1]"
d (1766).jpg,"[0, 1]"
d (1767).jpg,"[0, 1]"
d (1768).jpg,"[0, 1]"
d (1769).jpg,"[0, 1]"
d (177).jpg,"[0, 1]"
d (1770).jpg,"[0, 1]"
d (178).jpg,"[0, 1]"
d (179).jpg,"[0, 1]"
d (18).jpg,"[0, 1]"
d (180).jpg,"[0, 1]"
d (181).jpg,"[0, 1]"
d (182).jpg,"[0, 1]"
d (183).jpg,"[0, 1]"
d (184).jpg,"[0, 1]"
d (185).jpg,"[0, 1]"
d (186).jpg,"[0, 1]"
d (187).jpg,"[0, 1]"
d (188).jpg,"[0, 1]"
d (189).jpg,"[0, 1]"
d (19).jpg,"[0, 1]"
d (190).jpg,"[0, 1]"
d (191).jpg,"[0, 1]"
d (192).jpg,"[0, 1]"
d (193).jpg,"[0, 1]"
d (194).jpg,"[0, 1]"
d (195).jpg,"[0, 1]"
d (196).jpg,"[0, 1]"
d (197).jpg,"[0, 1]"
d (198).jpg,"[0, 1]"
d (199).jpg,"[0, 1]"
d (2).jpg,"[0, 1]"
d (20).jpg,"[0, 1]"
d (200).jpg,"[0, 1]"
d (201).jpg,"[0, 1]"
d (202).jpg,"[0, 1]"
d (203).jpg,"[0, 1]"
d (204).jpg,"[0, 1]"
d (205).jpg,"[0, 1]"
d (206).jpg,"[0, 1]"
d (207).jpg,"[0, 1]"
d (208).jpg,"[0, 1]"
d (209).jpg,"[0, 1]"
d (21).jpg,"[0, 1]"
d (210).jpg,"[0, 1]"
d (211).jpg,"[0, 1]"
d (212).jpg,"[0, 1]"
d (213).jpg,"[0, 1]"
d (214).jpg,"[0, 1]"
d (215).jpg,"[0, 1]"
d (216).jpg,"[0, 1]"
d (217).jpg,"[0, 1]"
d (218).jpg,"[0, 1]"
d (219).jpg,"[0, 1]"
d (22).jpg,"[0, 1]"
d (220).jpg,"[0, 1]"
d (221).jpg,"[0, 1]"
d (222).jpg,"[0, 1]"
d (223).jpg,"[0, 1]"
d (224).jpg,"[0, 1]"
d (225).jpg,"[0, 1]"
d (226).jpg,"[0, 1]"
d (227).jpg,"[0, 1]"
d (228).jpg,"[0, 1]"
d (229).jpg,"[0, 1]"
d (23).jpg,"[0, 1]"
d (230).jpg,"[0, 1]"
d (231).jpg,"[0, 1]"
d (232).jpg,"[0, 1]"
d (233).jpg,"[0, 1]"
d (234).jpg,"[0, 1]"
d (235).jpg,"[0, 1]"
d (236).jpg,"[0, 1]"
d (237).jpg,"[0, 1]"
d (238).jpg,"[0, 1]"
d (239).jpg,"[0, 1]"
d (24).jpg,"[0, 1]"
d (240).jpg,"[0, 1]"
d (241).jpg,"[0, 1]"
d (242).jpg,"[0, 1]"
d (243).jpg,"[0, 1]"
d (244).jpg,"[0, 1]"
d (245).jpg,"[0, 1]"
d (246).jpg,"[0, 1]"
d (247).jpg,"[0, 1]"
d (248).jpg,"[0, 1]"
d (249).jpg,"[0, 1]"
d (25).jpg,"[0, 1]"
d (250).jpg,"[0, 1]"
d (251).jpg,"[0, 1]"
d (252).jpg,"[0, 1]"
d (253).jpg,"[0, 1]"
d (254).jpg,"[0, 1]"
d (255).jpg,"[0, 1]"
d (256).jpg,"[0, 1]"
d (257).jpg,"[0, 1]"
d (258).jpg,"[0, 1]"
d (259).jpg,"[0, 1]"
d (26).jpg,"[0, 1]"
d (260).jpg,"[0, 1]"
d (261).jpg,"[0, 1]"
d (262).jpg,"[0, 1]"
d (263).jpg,"[0, 1]"
d (264).jpg,"[0, 1]"
d (265).jpg,"[0, 1]"
d (266).jpg,"[0, 1]"
d (267).jpg,"[0, 1]"
d (268).jpg,"[0, 1]"
d (269).jpg,"[0, 1]"
d (27).jpg,"[0, 1]"
d (270).jpg,"[0, 1]"
d (271).jpg,"[0, 1]"
d (272).jpg,"[0, 1]"
d (273).jpg,"[0, 1]"
d (274).jpg,"[0, 1]"
d (275).jpg,"[0, 1]"
d (276).jpg,"[0, 1]"
d (277).jpg,"[0, 1]"
d (278).jpg,"[0, 1]"
d (279).jpg,"[0, 1]"
d (28).jpg,"[0, 1]"
d (280).jpg,"[0, 1]"
d (281).jpg,"[0, 1]"
d (282).jpg,"[0, 1]"
d (283).jpg,"[0, 1]"
d (284).jpg,"[0, 1]"
d (285).jpg,"[0, 1]"
d (286).jpg,"[0, 1]"
d (287).jpg,"[0, 1]"
d (288).jpg,"[0, 1]"
d (289).jpg,"[0, 1]"
d (29).jpg,"[0, 1]"
d (290).jpg,"[0, 1]"
d (291).jpg,"[0, 1]"
d (292).jpg,"[0, 1]"
d (293).jpg,"[0, 1]"
d (294).jpg,"[0, 1]"
d (295).jpg,"[0, 1]"
d (296).jpg,"[0, 1]"
d (297).jpg,"[0, 1]"
d (298).jpg,"[0, 1]"
d (299).jpg,"[0, 1]"
d (3).jpg,"[0, 1]"
d (30).jpg,"[0, 1]"
d (300).jpg,"[0, 1]"
d (301).jpg,"[0, 1]"
d (302).jpg,"[0, 1]"
d (303).jpg,"[0, 1]"
d (304).jpg,"[0, 1]"
d (305).jpg,"[0, 1]"
d (306).jpg,"[0, 1]"
d (307).jpg,"[0, 1]"
d (308).jpg,"[0, 1]"
d (309).jpg,"[0, 1]"
d (31).jpg,"[0, 1]"
d (310).jpg,"[0, 1]"
d (311).jpg,"[0, 1]"
d (312).jpg,"[0, 1]"
d (313).jpg,"[0, 1]"
d (314).jpg,"[0, 1]"
d (315).jpg,"[0, 1]"
d (316).jpg,"[0, 1]"
d (317).jpg,"[0, 1]"
d (318).jpg,"[0, 1]"
d (319).jpg,"[0, 1]"
d (32).jpg,"[0, 1]"
d (320).jpg,"[0, 1]"
d (321).jpg,"[0, 1]"
d (322).jpg,"[0, 1]"
d (323).jpg,"[0, 1]"
d (324).jpg,"[0, 1]"
d (325).jpg,"[0, 1]"
d (326).jpg,"[0, 1]"
d (327).jpg,"[0, 1]"
d (328).jpg,"[0, 1]"
d (329).jpg,"[0, 1]"
d (33).jpg,"[0, 1]"
d (330).jpg,"[0, 1]"
d (331).jpg,"[0, 1]"
d (332).jpg,"[0, 1]"
d (333).jpg,"[0, 1]"
d (334).jpg,"[0, 1]"
d (335).jpg,"[0, 1]"
d (336).jpg,"[0, 1]"
d (337).jpg,"[0, 1]"
d (338).jpg,"[0, 1]"
d (339).jpg,"[0, 1]"
d (34).jpg,"[0, 1]"
d (340).jpg,"[0, 1]"
d (341).jpg,"[0, 1]"
d (342).jpg,"[0, 1]"
d (343).jpg,"[0, 1]"
d (344).jpg,"[0, 1]"
d (345).jpg,"[0, 1]"
d (346).jpg,"[0, 1]"
d (347).jpg,"[0, 1]"
d (348).jpg,"[0, 1]"
d (349).jpg,"[0, 1]"
d (35).jpg,"[0, 1]"
d (350).jpg,"[0, 1]"
d (351).jpg,"[0, 1]"
d (352).jpg,"[0, 1]"
d (353).jpg,"[0, 1]"
d (354).jpg,"[0, 1]"
d (355).jpg,"[0, 1]"
d (356).jpg,"[0, 1]"
d (357).jpg,"[0, 1]"
d (358).jpg,"[0, 1]"
d (359).jpg,"[0, 1]"
d (36).jpg,"[0, 1]"
d (360).jpg,"[0, 1]"
d (361).jpg,"[0, 1]"
d (362).jpg,"[0, 1]"
d (363).jpg,"[0, 1]"
d (364).jpg,"[0, 1]"
d (365).jpg,"[0, 1]"
d (366).jpg,"[0, 1]"
d (367).jpg,"[0, 1]"
d (368).jpg,"[0, 1]"
d (369).jpg,"[0, 1]"
d (37).jpg,"[0, 1]"
d (370).jpg,"[0, 1]"
d (371).jpg,"[0, 1]"
d (372).jpg,"[0, 1]"
d (373).jpg,"[0, 1]"
d (374).jpg,"[0, 1]"
d (375).jpg,"[0, 1]"
d (376).jpg,"[0, 1]"
d (377).jpg,"[0, 1]"
d (378).jpg,"[0, 1]"
d (379).jpg,"[0, 1]"
d (38).jpg,"[0, 1]"
d (380).jpg,"[0, 1]"
d (381).jpg,"[0, 1]"
d (382).jpg,"[0, 1]"
d (383).jpg,"[0, 1]"
d (384).jpg,"[0, 1]"
d (385).jpg,"[0, 1]"
d (386).jpg,"[0, 1]"
d (387).jpg,"[0, 1]"
d (388).jpg,"[0, 1]"
d (389).jpg,"[0, 1]"
d (39).jpg,"[0, 1]"
d (390).jpg,"[0, 1]"
d (391).jpg,"[0, 1]"
d (392).jpg,"[0, 1]"
d (393).jpg,"[0, 1]"
d (394).jpg,"[0, 1]"
d (395).jpg,"[0, 1]"
d (396).jpg,"[0, 1]"
d (397).jpg,"[0, 1]"
d (398).jpg,"[0, 1]"
d (399).jpg,"[0, 1]"
d (4).jpg,"[0, 1]"
d (40).jpg,"[0, 1]"
d (400).jpg,"[0, 1]"
d (401).jpg,"[0, 1]"
d (402).jpg,"[0, 1]"
d (403).jpg,"[0, 1]"
d (404).jpg,"[0, 1]"
d (405).jpg,"[0, 1]"
d (406).jpg,"[0, 1]"
d (407).jpg,"[0, 1]"
d (408).jpg,"[0, 1]"
d (409).jpg,"[0, 1]"
d (41).jpg,"[0, 1]"
d (410).jpg,"[0, 1]"
d (411).jpg,"[0, 1]"
d (412).jpg,"[0, 1]"
d (413).jpg,"[0, 1]"
d (414).jpg,"[0, 1]"
d (415).jpg,"[0, 1]"
d (416).jpg,"[0, 1]"
d (417).jpg,"[0, 1]"
d (418).jpg,"[0, 1]"
d (419).jpg,"[0, 1]"
d (42).jpg,"[0, 1]"
d (420).jpg,"[0, 1]"
d (421).jpg,"[0, 1]"
d (422).jpg,"[0, 1]"
d (423).jpg,"[0, 1]"
d (424).jpg,"[0, 1]"
d (425).jpg,"[0, 1]"
d (426).jpg,"[0, 1]"
d (427).jpg,"[0, 1]"
d (428).jpg,"[0, 1]"
d (429).jpg,"[0, 1]"
d (43).jpg,"[0, 1]"
d (430).jpg,"[0, 1]"
d (431).jpg,"[0, 1]"
d (432).jpg,"[0, 1]"
d (433).jpg,"[0, 1]"
d (434).jpg,"[0, 1]"
d (435).jpg,"[0, 1]"
d (436).jpg,"[0, 1]"
d (437).jpg,"[0, 1]"
d (438).jpg,"[0, 1]"
d (439).jpg,"[0, 1]"
d (44).jpg,"[0, 1]"
d (440).jpg,"[0, 1]"
d (441).jpg,"[0, 1]"
d (442).jpg,"[0, 1]"
d (443).jpg,"[0, 1]"
d (444).jpg,"[0, 1]"
d (445).jpg,"[0, 1]"
d (446).jpg,"[0, 1]"
d (447).jpg,"[0, 1]"
d (448).jpg,"[0, 1]"
d (449).jpg,"[0, 1]"
d (45).jpg,"[0, 1]"
d (450).jpg,"[0, 1]"
d (451).jpg,"[0, 1]"
d (452).jpg,"[0, 1]"
d (453).jpg,"[0, 1]"
d (454).jpg,"[0, 1]"
d (455).jpg,"[0, 1]"
d (456).jpg,"[0, 1]"
d (457).jpg,"[0, 1]"
d (458).jpg,"[0, 1]"
d (459).jpg,"[0, 1]"
d (46).jpg,"[0, 1]"
d (460).jpg,"[0, 1]"
d (461).jpg,"[0, 1]"
d (462).jpg,"[0, 1]"
d (463).jpg,"[0, 1]"
d (464).jpg,"[0, 1]"
d (465).jpg,"[0, 1]"
d (466).jpg,"[0, 1]"
d (467).jpg,"[0, 1]"
d (468).jpg,"[0, 1]"
d (469).jpg,"[0, 1]"
d (47).jpg,"[0, 1]"
d (470).jpg,"[0, 1]"
d (471).jpg,"[0, 1]"
d (472).jpg,"[0, 1]"
d (473).jpg,"[0, 1]"
d (474).jpg,"[0, 1]"
d (475).jpg,"[0, 1]"
d (476).jpg,"[0, 1]"
d (477).jpg,"[0, 1]"
d (478).jpg,"[0, 1]"
d (479).jpg,"[0, 1]"
d (48).jpg,"[0, 1]"
d (480).jpg,"[0, 1]"
d (481).jpg,"[0, 1]"
d (482).jpg,"[0, 1]"
d (483).jpg,"[0, 1]"
d (484).jpg,"[0, 1]"
d (485).jpg,"[0, 1]"
d (486).jpg,"[0, 1]"
d (487).jpg,"[0, 1]"
d (488).jpg,"[0, 1]"
d (489).jpg,"[0, 1]"
d (49).jpg,"[0, 1]"
d (490).jpg,"[0, 1]"
d (491).jpg,"[0, 1]"
d (492).jpg,"[0, 1]"
d (493).jpg,"[0, 1]"
d (494).jpg,"[0, 1]"
d (495).jpg,"[0, 1]"
d (496).jpg,"[0, 1]"
d (497).jpg,"[0, 1]"
d (498).jpg,"[0, 1]"
d (499).jpg,"[0, 1]"
d (5).jpg,"[0, 1]"
d (50).jpg,"[0, 1]"
d (500).jpg,"[0, 1]"
d (501).jpg,"[0, 1]"
d (502).jpg,"[0, 1]"
d (503).jpg,"[0, 1]"
d (504).jpg,"[0, 1]"
d (505).jpg,"[0, 1]"
d (506).jpg,"[0, 1]"
d (507).jpg,"[0, 1]"
d (508).jpg,"[0, 1]"
d (509).jpg,"[0, 1]"
d (51).jpg,"[0, 1]"
d (510).jpg,"[0, 1]"
d (511).jpg,"[0, 1]"
d (512).jpg,"[0, 1]"
d (513).jpg,"[0, 1]"
d (514).jpg,"[0, 1]"
d (515).jpg,"[0, 1]"
d (516).jpg,"[0, 1]"
d (517).jpg,"[0, 1]"
d (518).jpg,"[0, 1]"
d (519).jpg,"[0, 1]"
d (52).jpg,"[0, 1]"
d (520).jpg,"[0, 1]"
d (521).jpg,"[0, 1]"
d (522).jpg,"[0, 1]"
d (523).jpg,"[0, 1]"
d (524).jpg,"[0, 1]"
d (525).jpg,"[0, 1]"
d (526).jpg,"[0, 1]"
d (527).jpg,"[0, 1]"
d (528).jpg,"[0, 1]"
d (529).jpg,"[0, 1]"
d (53).jpg,"[0, 1]"
d (530).jpg,"[0, 1]"
d (531).jpg,"[0, 1]"
d (532).jpg,"[0, 1]"
d (533).jpg,"[0, 1]"
d (534).jpg,"[0, 1]"
d (535).jpg,"[0, 1]"
d (536).jpg,"[0, 1]"
d (537).jpg,"[0, 1]"
d (538).jpg,"[0, 1]"
d (539).jpg,"[0, 1]"
d (54).jpg,"[0, 1]"
d (540).jpg,"[0, 1]"
d (541).jpg,"[0, 1]"
d (542).jpg,"[0, 1]"
d (543).jpg,"[0, 1]"
d (544).jpg,"[0, 1]"
d (545).jpg,"[0, 1]"
d (546).jpg,"[0, 1]"
d (547).jpg,"[0, 1]"
d (548).jpg,"[0, 1]"
d (549).jpg,"[0, 1]"
d (55).jpg,"[0, 1]"
d (550).jpg,"[0, 1]"
d (551).jpg,"[0, 1]"
d (552).jpg,"[0, 1]"
d (553).jpg,"[0, 1]"
d (554).jpg,"[0, 1]"
d (555).jpg,"[0, 1]"
d (556).jpg,"[0, 1]"
d (557).jpg,"[0, 1]"
d (558).jpg,"[0, 1]"
d (559).jpg,"[0, 1]"
d (56).jpg,"[0, 1]"
d (560).jpg,"[0, 1]"
d (561).jpg,"[0, 1]"
d (562).jpg,"[0, 1]"
d (563).jpg,"[0, 1]"
d (564).jpg,"[0, 1]"
d (565).jpg,"[0, 1]"
d (566).jpg,"[0, 1]"
d (567).jpg,"[0, 1]"
d (568).jpg,"[0, 1]"
d (569).jpg,"[0, 1]"
d (57).jpg,"[0, 1]"
d (570).jpg,"[0, 1]"
d (571).jpg,"[0, 1]"
d (572).jpg,"[0, 1]"
d (573).jpg,"[0, 1]"
d (574).jpg,"[0, 1]"
d (575).jpg,"[0, 1]"
d (576).jpg,"[0, 1]"
d (577).jpg,"[0, 1]"
d (578).jpg,"[0, 1]"
d (579).jpg,"[0, 1]"
d (58).jpg,"[0, 1]"
d (580).jpg,"[0, 1]"
d (581).jpg,"[0, 1]"
d (582).jpg,"[0, 1]"
d (583).jpg,"[0, 1]"
d (584).jpg,"[0, 1]"
d (585).jpg,"[0, 1]"
d (586).jpg,"[0, 1]"
d (587).jpg,"[0, 1]"
d (588).jpg,"[0, 1]"
d (589).jpg,"[0, 1]"
d (59).jpg,"[0, 1]"
d (590).jpg,"[0, 1]"
d (591).jpg,"[0, 1]"
d (592).jpg,"[0, 1]"
d (593).jpg,"[0, 1]"
d (594).jpg,"[0, 1]"
d (595).jpg,"[0, 1]"
d (596).jpg,"[0, 1]"
d (597).jpg,"[0, 1]"
d (598).jpg,"[0, 1]"
d (599).jpg,"[0, 1]"
d (6).jpg,"[0, 1]"
d (60).jpg,"[0, 1]"
d (600).jpg,"[0, 1]"
d (601).jpg,"[0, 1]"
d (602).jpg,"[0, 1]"
d (603).jpg,"[0, 1]"
d (604).jpg,"[0, 1]"
d (605).jpg,"[0, 1]"
d (606).jpg,"[0, 1]"
d (607).jpg,"[0, 1]"
d (608).jpg,"[0, 1]"
d (609).jpg,"[0, 1]"
d (61).jpg,"[0, 1]"
d (610).jpg,"[0, 1]"
d (611).jpg,"[0, 1]"
d (612).jpg,"[0, 1]"
d (613).jpg,"[0, 1]"
d (614).jpg,"[0, 1]"
d (615).jpg,"[0, 1]"
d (616).jpg,"[0, 1]"
d (617).jpg,"[0, 1]"
d (618).jpg,"[0, 1]"
d (619).jpg,"[0, 1]"
d (62).jpg,"[0, 1]"
d (620).jpg,"[0, 1]"
d (621).jpg,"[0, 1]"
d (622).jpg,"[0, 1]"
d (623).jpg,"[0, 1]"
d (624).jpg,"[0, 1]"
d (625).jpg,"[0, 1]"
d (626).jpg,"[0, 1]"
d (627).jpg,"[0, 1]"
d (628).jpg,"[0, 1]"
d (629).jpg,"[0, 1]"
d (63).jpg,"[0, 1]"
d (630).jpg,"[0, 1]"
d (631).jpg,"[0, 1]"
d (632).jpg,"[0, 1]"
d (633).jpg,"[0, 1]"
d (634).jpg,"[0, 1]"
d (635).jpg,"[0, 1]"
d (636).jpg,"[0, 1]"
d (637).jpg,"[0, 1]"
d (638).jpg,"[0, 1]"
d (639).jpg,"[0, 1]"
d (64).jpg,"[0, 1]"
d (640).jpg,"[0, 1]"
d (641).jpg,"[0, 1]"
d (642).jpg,"[0, 1]"
d (643).jpg,"[0, 1]"
d (644).jpg,"[0, 1]"
d (645).jpg,"[0, 1]"
d (646).jpg,"[0, 1]"
d (647).jpg,"[0, 1]"
d (648).jpg,"[0, 1]"
d (649).jpg,"[0, 1]"
d (65).jpg,"[0, 1]"
d (650).jpg,"[0, 1]"
d (651).jpg,"[0, 1]"
d (652).jpg,"[0, 1]"
d (653).jpg,"[0, 1]"
d (654).jpg,"[0, 1]"
d (655).jpg,"[0, 1]"
d (656).jpg,"[0, 1]"
d (657).jpg,"[0, 1]"
d (658).jpg,"[0, 1]"
d (659).jpg,"[0, 1]"
d (66).jpg,"[0, 1]"
d (660).jpg,"[0, 1]"
d (661).jpg,"[0, 1]"
d (662).jpg,"[0, 1]"
d (663).jpg,"[0, 1]"
d (664).jpg,"[0, 1]"
d (665).jpg,"[0, 1]"
d (666).jpg,"[0, 1]"
d (667).jpg,"[0, 1]"
d (668).jpg,"[0, 1]"
d (669).jpg,"[0, 1]"
d (67).jpg,"[0, 1]"
d (670).jpg,"[0, 1]"
d (671).jpg,"[0, 1]"
d (672).jpg,"[0, 1]"
d (673).jpg,"[0, 1]"
d (674).jpg,"[0, 1]"
d (675).jpg,"[0, 1]"
d (676).jpg,"[0, 1]"
d (677).jpg,"[0, 1]"
d (678).jpg,"[0, 1]"
d (679).jpg,"[0, 1]"
d (68).jpg,"[0, 1]"
d (680).jpg,"[0, 1]"
d (681).jpg,"[0, 1]"
d (682).jpg,"[0, 1]"
d (683).jpg,"[0, 1]"
d (684).jpg,"[0, 1]"
d (685).jpg,"[0, 1]"
d (686).jpg,"[0, 1]"
d (687).jpg,"[0, 1]"
d (688).jpg,"[0, 1]"
d (689).jpg,"[0, 1]"
d (69).jpg,"[0, 1]"
d (690).jpg,"[0, 1]"
d (691).jpg,"[0, 1]"
d (692).jpg,"[0, 1]"
d (693).jpg,"[0, 1]"
d (694).jpg,"[0, 1]"
d (695).jpg,"[0, 1]"
d (696).jpg,"[0, 1]"
d (697).jpg,"[0, 1]"
d (698).jpg,"[0, 1]"
d (699).jpg,"[0, 1]"
d (7).jpg,"[0, 1]"
d (70).jpg,"[0, 1]"
d (700).jpg,"[0, 1]"
d (701).jpg,"[0, 1]"
d (702).jpg,"[0, 1]"
d (703).jpg,"[0, 1]"
d (704).jpg,"[0, 1]"
d (705).jpg,"[0, 1]"
d (706).jpg,"[0, 1]"
d (707).jpg,"[0, 1]"
d (708).jpg,"[0, 1]"
d (709).jpg,"[0, 1]"
d (71).jpg,"[0, 1]"
d (710).jpg,"[0, 1]"
d (711).jpg,"[0, 1]"
d (712).jpg,"[0, 1]"
d (713).jpg,"[0, 1]"
d (714).jpg,"[0, 1]"
d (715).jpg,"[0, 1]"
d (716).jpg,"[0, 1]"
d (717).jpg,"[0, 1]"
d (718).jpg,"[0, 1]"
d (719).jpg,"[0, 1]"
d (72).jpg,"[0, 1]"
d (720).jpg,"[0, 1]"
d (721).jpg,"[0, 1]"
d (722).jpg,"[0, 1]"
d (723).jpg,"[0, 1]"
d (724).jpg,"[0, 1]"
d (725).jpg,"[0, 1]"
d (726).jpg,"[0, 1]"
d (727).jpg,"[0, 1]"
d (728).jpg,"[0, 1]"
d (729).jpg,"[0, 1]"
d (73).jpg,"[0, 1]"
d (730).jpg,"[0, 1]"
d (731).jpg,"[0, 1]"
d (732).jpg,"[0, 1]"
d (733).jpg,"[0, 1]"
d (734).jpg,"[0, 1]"
d (735).jpg,"[0, 1]"
d (736).jpg,"[0, 1]"
d (737).jpg,"[0, 1]"
d (738).jpg,"[0, 1]"
d (739).jpg,"[0, 1]"
d (74).jpg,"[0, 1]"
d (740).jpg,"[0, 1]"
d (741).jpg,"[0, 1]"
d (742).jpg,"[0, 1]"
d (743).jpg,"[0, 1]"
d (744).jpg,"[0, 1]"
d (745).jpg,"[0, 1]"
d (746).jpg,"[0, 1]"
d (747).jpg,"[0, 1]"
d (748).jpg,"[0, 1]"
d (749).jpg,"[0, 1]"
d (75).jpg,"[0, 1]"
d (750).jpg,"[0, 1]"
d (751).jpg,"[0, 1]"
d (752).jpg,"[0, 1]"
d (753).jpg,"[0, 1]"
d (754).jpg,"[0, 1]"
d (755).jpg,"[0, 1]"
d (756).jpg,"[0, 1]"
d (757).jpg,"[0, 1]"
d (758).jpg,"[0, 1]"
d (759).jpg,"[0, 1]"
d (76).jpg,"[0, 1]"
d (760).jpg,"[0, 1]"
d (761).jpg,"[0, 1]"
d (762).jpg,"[0, 1]"
d (763).jpg,"[0, 1]"
d (764).jpg,"[0, 1]"
d (765).jpg,"[0, 1]"
d (766).jpg,"[0, 1]"
d (767).jpg,"[0, 1]"
d (768).jpg,"[0, 1]"
d (769).jpg,"[0, 1]"
d (77).jpg,"[0, 1]"
d (770).jpg,"[0, 1]"
d (771).jpg,"[0, 1]"
d (772).jpg,"[0, 1]"
d (773).jpg,"[0, 1]"
d (774).jpg,"[0, 1]"
d (775).jpg,"[0, 1]"
d (776).jpg,"[0, 1]"
d (777).jpg,"[0, 1]"
d (778).jpg,"[0, 1]"
d (779).jpg,"[0, 1]"
d (78).jpg,"[0, 1]"
d (780).jpg,"[0, 1]"
d (781).jpg,"[0, 1]"
d (782).jpg,"[0, 1]"
d (783).jpg,"[0, 1]"
d (784).jpg,"[0, 1]"
d (785).jpg,"[0, 1]"
d (786).jpg,"[0, 1]"
d (787).jpg,"[0, 1]"
d (788).jpg,"[0, 1]"
d (789).jpg,"[0, 1]"
d (79).jpg,"[0, 1]"
d (790).jpg,"[0, 1]"
d (791).jpg,"[0, 1]"
d (792).jpg,"[0, 1]"
d (793).jpg,"[0, 1]"
d (794).jpg,"[0, 1]"
d (795).jpg,"[0, 1]"
d (796).jpg,"[0, 1]"
d (797).jpg,"[0, 1]"
d (798).jpg,"[0, 1]"
d (799).jpg,"[0, 1]"
d (8).jpg,"[0, 1]"
d (80).jpg,"[0, 1]"
d (800).jpg,"[0, 1]"
d (801).jpg,"[0, 1]"
d (802).jpg,"[0, 1]"
d (803).jpg,"[0, 1]"
d (804).jpg,"[0, 1]"
d (805).jpg,"[0, 1]"
d (806).jpg,"[0, 1]"
d (807).jpg,"[0, 1]"
d (808).jpg,"[0, 1]"
d (809).jpg,"[0, 1]"
d (81).jpg,"[0, 1]"
d (810).jpg,"[0, 1]"
d (811).jpg,"[0, 1]"
d (812).jpg,"[0, 1]"
d (813).jpg,"[0, 1]"
d (814).jpg,"[0, 1]"
d (815).jpg,"[0, 1]"
d (816).jpg,"[0, 1]"
d (817).jpg,"[0, 1]"
d (818).jpg,"[0, 1]"
d (819).jpg,"[0, 1]"
d (82).jpg,"[0, 1]"
d (820).jpg,"[0, 1]"
d (821).jpg,"[0, 1]"
d (822).jpg,"[0, 1]"
d (823).jpg,"[0, 1]"
d (824).jpg,"[0, 1]"
d (825).jpg,"[0, 1]"
d (826).jpg,"[0, 1]"
d (827).jpg,"[0, 1]"
d (828).jpg,"[0, 1]"
d (829).jpg,"[0, 1]"
d (83).jpg,"[0, 1]"
d (830).jpg,"[0, 1]"
d (831).jpg,"[0, 1]"
d (832).jpg,"[0, 1]"
d (833).jpg,"[0, 1]"
d (834).jpg,"[0, 1]"
d (835).jpg,"[0, 1]"
d (836).jpg,"[0, 1]"
d (837).jpg,"[0, 1]"
d (838).jpg,"[0, 1]"
d (839).jpg,"[0, 1]"
d (84).jpg,"[0, 1]"
d (840).jpg,"[0, 1]"
d (841).jpg,"[0, 1]"
d (842).jpg,"[0, 1]"
d (843).jpg,"[0, 1]"
d (844).jpg,"[0, 1]"
d (845).jpg,"[0, 1]"
d (846).jpg,"[0, 1]"
d (847).jpg,"[0, 1]"
d (848).jpg,"[0, 1]"
d (849).jpg,"[0, 1]"
d (85).jpg,"[0, 1]"
d (850).jpg,"[0, 1]"
d (851).jpg,"[0, 1]"
d (852).jpg,"[0, 1]"
d (853).jpg,"[0, 1]"
d (854).jpg,"[0, 1]"
d (855).jpg,"[0, 1]"
d (856).jpg,"[0, 1]"
d (857).jpg,"[0, 1]"
d (858).jpg,"[0, 1]"
d (859).jpg,"[0, 1]"
d (86).jpg,"[0, 1]"
d (860).jpg,"[0, 1]"
d (861).jpg,"[0, 1]"
d (862).jpg,"[0, 1]"
d (863).jpg,"[0, 1]"
d (864).jpg,"[0, 1]"
d (865).jpg,"[0, 1]"
d (866).jpg,"[0, 1]"
d (867).jpg,"[0, 1]"
d (868).jpg,"[0, 1]"
d (869).jpg,"[0, 1]"
d (87).jpg,"[0, 1]"
d (870).jpg,"[0, 1]"
d (871).jpg,"[0, 1]"
d (872).jpg,"[0, 1]"
d (873).jpg,"[0, 1]"
d (874).jpg,"[0, 1]"
d (875).jpg,"[0, 1]"
d (876).jpg,"[0, 1]"
d (877).jpg,"[0, 1]"
d (878).jpg,"[0, 1]"
d (879).jpg,"[0, 1]"
d (88).jpg,"[0, 1]"
d (880).jpg,"[0, 1]"
d (881).jpg,"[0, 1]"
d (882).jpg,"[0, 1]"
d (883).jpg,"[0, 1]"
d (884).jpg,"[0, 1]"
d (885).jpg,"[0, 1]"
d (886).jpg,"[0, 1]"
d (887).jpg,"[0, 1]"
d (888).jpg,"[0, 1]"
d (889).jpg,"[0, 1]"
d (89).jpg,"[0, 1]"
d (890).jpg,"[0, 1]"
d (891).jpg,"[0, 1]"
d (892).jpg,"[0, 1]"
d (893).jpg,"[0, 1]"
d (894).jpg,"[0, 1]"
d (895).jpg,"[0, 1]"
d (896).jpg,"[0, 1]"
d (897).jpg,"[0, 1]"
d (898).jpg,"[0, 1]"
d (899).jpg,"[0, 1]"
d (9).jpg,"[0, 1]"
d (90).jpg,"[0, 1]"
d (900).jpg,"[0, 1]"
d (901).jpg,"[0, 1]"
d (902).jpg,"[0, 1]"
d (903).jpg,"[0, 1]"
d (904).jpg,"[0, 1]"
d (905).jpg,"[0, 1]"
d (906).jpg,"[0, 1]"
d (907).jpg,"[0, 1]"
d (908).jpg,"[0, 1]"
d (909).jpg,"[0, 1]"
d (91).jpg,"[0, 1]"
d (910).jpg,"[0, 1]"
d (911).jpg,"[0, 1]"
d (912).jpg,"[0, 1]"
d (913).jpg,"[0, 1]"
d (914).jpg,"[0, 1]"
d (915).jpg,"[0, 1]"
d (916).jpg,"[0, 1]"
d (917).jpg,"[0, 1]"
d (918).jpg,"[0, 1]"
d (919).jpg,"[0, 1]"
d (92).jpg,"[0, 1]"
d (920).jpg,"[0, 1]"
d (921).jpg,"[0, 1]"
d (922).jpg,"[0, 1]"
d (923).jpg,"[0, 1]"
d (924).jpg,"[0, 1]"
d (925).jpg,"[0, 1]"
d (926).jpg,"[0, 1]"
d (927).jpg,"[0, 1]"
d (928).jpg,"[0, 1]"
d (929).jpg,"[0, 1]"
d (93).jpg,"[0, 1]"
d (930).jpg,"[0, 1]"
d (931).jpg,"[0, 1]"
d (932).jpg,"[0, 1]"
d (933).jpg,"[0, 1]"
d (934).jpg,"[0, 1]"
d (935).jpg,"[0, 1]"
d (936).jpg,"[0, 1]"
d (937).jpg,"[0, 1]"
d (938).jpg,"[0, 1]"
d (939).jpg,"[0, 1]"
d (94).jpg,"[0, 1]"
d (940).jpg,"[0, 1]"
d (941).jpg,"[0, 1]"
d (942).jpg,"[0, 1]"
d (943).jpg,"[0, 1]"
d (944).jpg,"[0, 1]"
d (945).jpg,"[0, 1]"
d (946).jpg,"[0, 1]"
d (947).jpg,"[0, 1]"
d (948).jpg,"[0, 1]"
d (949).jpg,"[0, 1]"
d (95).jpg,"[0, 1]"
d (950).jpg,"[0, 1]"
d (951).jpg,"[0, 1]"
d (952).jpg,"[0, 1]"
d (953).jpg,"[0, 1]"
d (954).jpg,"[0, 1]"
d (955).jpg,"[0, 1]"
d (956).jpg,"[0, 1]"
d (957).jpg,"[0, 1]"
d (958).jpg,"[0, 1]"
d (959).jpg,"[0, 1]"
d (96).jpg,"[0, 1]"
d (960).jpg,"[0, 1]"
d (961).jpg,"[0, 1]"
d (962).jpg,"[0, 1]"
d (963).jpg,"[0, 1]"
d (964).jpg,"[0, 1]"
d (965).jpg,"[0, 1]"
d (966).jpg,"[0, 1]"
d (967).jpg,"[0, 1]"
d (968).jpg,"[0, 1]"
d (969).jpg,"[0, 1]"
d (97).jpg,"[0, 1]"
d (970).jpg,"[0, 1]"
d (971).jpg,"[0, 1]"
d (972).jpg,"[0, 1]"
d (973).jpg,"[0, 1]"
d (974).jpg,"[0, 1]"
d (975).jpg,"[0, 1]"
d (976).jpg,"[0, 1]"
d (977).jpg,"[0, 1]"
d (978).jpg,"[0, 1]"
d (979).jpg,"[0, 1]"
d (98).jpg,"[0, 1]"
d (980).jpg,"[0, 1]"
d (981).jpg,"[0, 1]"
d (982).jpg,"[0, 1]"
d (983).jpg,"[0, 1]"
d (984).jpg,"[0, 1]"
d (985).jpg,"[0, 1]"
d (986).jpg,"[0, 1]"
d (987).jpg,"[0, 1]"
d (988).jpg,"[0, 1]"
d (989).jpg,"[0, 1]"
d (99).jpg,"[0, 1]"
d (990).jpg,"[0, 1]"
d (991).jpg,"[0, 1]"
d (992).jpg,"[0, 1]"
d (993).jpg,"[0, 1]"
d (994).jpg,"[0, 1]"
d (995).jpg,"[0, 1]"
d (996).jpg,"[0, 1]"
d (997).jpg,"[0, 1]"
d (998).jpg,"[0, 1]"
d (999).jpg,"[0, 1]"
h (1).jpg,"[1, 0]"
h (10).jpg,"[1, 0]"
h (100).jpg,"[1, 0]"
h (1000).jpg,"[1, 0]"
h (1001).jpg,"[1, 0]"
h (1002).jpg,"[1, 0]"
h (1003).jpg,"[1, 0]"
h (1004).jpg,"[1, 0]"
h (1005).jpg,"[1, 0]"
h (1006).jpg,"[1, 0]"
h (1007).jpg,"[1, 0]"
h (1008).jpg,"[1, 0]"
h (1009).jpg,"[1, 0]"
h (101).jpg,"[1, 0]"
h (1010).jpg,"[1, 0]"
h (1011).jpg,"[1, 0]"
h (1012).jpg,"[1, 0]"
h (1013).jpg,"[1, 0]"
h (1014).jpg,"[1, 0]"
h (1015).jpg,"[1, 0]"
h (1016).jpg,"[1, 0]"
h (1017).jpg,"[1, 0]"
h (1018).jpg,"[1, 0]"
h (1019).jpg,"[1, 0]"
h (102).jpg,"[1, 0]"
h (1020).jpg,"[1, 0]"
h (1021).jpg,"[1, 0]"
h (1022).jpg,"[1, 0]"
h (1023).jpg,"[1, 0]"
h (1024).jpg,"[1, 0]"
h (1025).jpg,"[1, 0]"
h (1026).jpg,"[1, 0]"
h (1027).jpg,"[1, 0]"
h (1028).jpg,"[1, 0]"
h (1029).jpg,"[1, 0]"
h (103).jpg,"[1, 0]"
h (1030).jpg,"[1, 0]"
h (1031).jpg,"[1, 0]"
h (1032).jpg,"[1, 0]"
h (1033).jpg,"[1, 0]"
h (1034).jpg,"[1, 0]"
h (1035).jpg,"[1, 0]"
h (1036).jpg,"[1, 0]"
h (1037).jpg,"[1, 0]"
h (1038).jpg,"[1, 0]"
h (1039).jpg,"[1, 0]"
h (104).jpg,"[1, 0]"
h (1040).jpg,"[1, 0]"
h (1041).jpg,"[1, 0]"
h (1042).jpg,"[1, 0]"
h (1043).jpg,"[1, 0]"
h (1044).jpg,"[1, 0]"
h (1045).jpg,"[1, 0]"
h (1046).jpg,"[1, 0]"
h (1047).jpg,"[1, 0]"
h (1048).jpg,"[1, 0]"
h (1049).jpg,"[1, 0]"
h (105).jpg,"[1, 0]"
h (1050).jpg,"[1, 0]"
h (1051).jpg,"[1, 0]"
h (1052).jpg,"[1, 0]"
h (1053).jpg,"[1, 0]"
h (1054).jpg,"[1, 0]"
h (1055).jpg,"[1, 0]"
h (1056).jpg,"[1, 0]"
h (1057).jpg,"[1, 0]"
h (1058).jpg,"[1, 0]"
h (1059).jpg,"[1, 0]"
h (106).jpg,"[1, 0]"
h (1060).jpg,"[1, 0]"
h (1061).jpg,"[1, 0]"
h (1062).jpg,"[1, 0]"
h (1063).jpg,"[1, 0]"
h (1064).jpg,"[1, 0]"
h (1065).jpg,"[1, 0]"
h (1066).jpg,"[1, 0]"
h (1067).jpg,"[1, 0]"
h (1068).jpg,"[1, 0]"
h (1069).jpg,"[1, 0]"
h (107).jpg,"[1, 0]"
h (1070).jpg,"[1, 0]"
h (1071).jpg,"[1, 0]"
h (1072).jpg,"[1, 0]"
h (1073).jpg,"[1, 0]"
h (1074).jpg,"[1, 0]"
h (1075).jpg,"[1, 0]"
h (1076).jpg,"[1, 0]"
h (1077).jpg,"[1, 0]"
h (1078).jpg,"[1, 0]"
h (1079).jpg,"[1, 0]"
h (108).jpg,"[1, 0]"
h (1080).jpg,"[1, 0]"
h (1081).jpg,"[1, 0]"
h (1082).jpg,"[1, 0]"
h (1083).jpg,"[1, 0]"
h (1084).jpg,"[1, 0]"
h (1085).jpg,"[1, 0]"
h (1086).jpg,"[1, 0]"
h (1087).jpg,"[1, 0]"
h (1088).jpg,"[1, 0]"
h (1089).jpg,"[1, 0]"
h (109).jpg,"[1, 0]"
h (1090).jpg,"[1, 0]"
h (1091).jpg,"[1, 0]"
h (1092).jpg,"[1, 0]"
h (1093).jpg,"[1, 0]"
h (1094).jpg,"[1, 0]"
h (1095).jpg,"[1, 0]"
h (1096).jpg,"[1, 0]"
h (1097).jpg,"[1, 0]"
h (1098).jpg,"[1, 0]"
h (1099).jpg,"[1, 0]"
h (11).jpg,"[1, 0]"
h (110).jpg,"[1, 0]"
h (1100).jpg,"[1, 0]"
h (1101).jpg,"[1, 0]"
h (1102).jpg,"[1, 0]"
h (1103).jpg,"[1, 0]"
h (1104).jpg,"[1, 0]"
h (1105).jpg,"[1, 0]"
h (1106).jpg,"[1, 0]"
h (1107).jpg,"[1, 0]"
h (1108).jpg,"[1, 0]"
h (1109).jpg,"[1, 0]"
h (111).jpg,"[1, 0]"
h (1110).jpg,"[1, 0]"
h (1111).jpg,"[1, 0]"
h (1112).jpg,"[1, 0]"
h (1113).jpg,"[1, 0]"
h (1114).jpg,"[1, 0]"
h (1115).jpg,"[1, 0]"
h (1116).jpg,"[1, 0]"
h (1117).jpg,"[1, 0]"
h (1118).jpg,"[1, 0]"
h (1119).jpg,"[1, 0]"
h (112).jpg,"[1, 0]"
h (1120).jpg,"[1, 0]"
h (1121).jpg,"[1, 0]"
h (1122).jpg,"[1, 0]"
h (1123).jpg,"[1, 0]"
h (1124).jpg,"[1, 0]"
h (1125).jpg,"[1, 0]"
h (1126).jpg,"[1, 0]"
h (1127).jpg,"[1, 0]"
h (1128).jpg,"[1, 0]"
h (1129).jpg,"[1, 0]"
h (113).jpg,"[1, 0]"
h (1130).jpg,"[1, 0]"
h (1131).jpg,"[1, 0]"
h (1132).jpg,"[1, 0]"
h (1133).jpg,"[1, 0]"
h (1134).jpg,"[1, 0]"
h (1135).jpg,"[1, 0]"
h (1136).jpg,"[1, 0]"
h (1137).jpg,"[1, 0]"
h (1138).jpg,"[1, 0]"
h (1139).jpg,"[1, 0]"
h (114).jpg,"[1, 0]"
h (1140).jpg,"[1, 0]"
h (1141).jpg,"[1, 0]"
h (1142).jpg,"[1, 0]"
h (1143).jpg,"[1, 0]"
h (1144).jpg,"[1, 0]"
h (1145).jpg,"[1, 0]"
h (1146).jpg,"[1, 0]"
h (1147).jpg,"[1, 0]"
h (1148).jpg,"[1, 0]"
h (1149).jpg,"[1, 0]"
h (115).jpg,"[1, 0]"
h (1150).jpg,"[1, 0]"
h (1151).jpg,"[1, 0]"
h (1152).jpg,"[1, 0]"
h (1153).jpg,"[1, 0]"
h (1154).jpg,"[1, 0]"
h (1155).jpg,"[1, 0]"
h (1156).jpg,"[1, 0]"
h (1157).jpg,"[1, 0]"
h (1158).jpg,"[1, 0]"
h (1159).jpg,"[1, 0]"
h (116).jpg,"[1, 0]"
h (1160).jpg,"[1, 0]"
h (1161).jpg,"[1, 0]"
h (1162).jpg,"[1, 0]"
h (1163).jpg,"[1, 0]"
h (1164).jpg,"[1, 0]"
h (1165).jpg,"[1, 0]"
h (1166).jpg,"[1, 0]"
h (1167).jpg,"[1, 0]"
h (1168).jpg,"[1, 0]"
h (1169).jpg,"[1, 0]"
h (117).jpg,"[1, 0]"
h (1170).jpg,"[1, 0]"
h (1171).jpg,"[1, 0]"
h (1172).jpg,"[1, 0]"
h (1173).jpg,"[1, 0]"
h (1174).jpg,"[1, 0]"
h (1175).jpg,"[1, 0]"
h (1176).jpg,"[1, 0]"
h (1177).jpg,"[1, 0]"
h (1178).jpg,"[1, 0]"
h (1179).jpg,"[1, 0]"
h (118).jpg,"[1, 0]"
h (1180).jpg,"[1, 0]"
h (1181).jpg,"[1, 0]"
h (1182).jpg,"[1, 0]"
h (1183).jpg,"[1, 0]"
h (1184).jpg,"[1, 0]"
h (1185).jpg,"[1, 0]"
h (1186).jpg,"[1, 0]"
h (1187).jpg,"[1, 0]"
h (1188).jpg,"[1, 0]"
h (1189).jpg,"[1, 0]"
h (119).jpg,"[1, 0]"
h (1190).jpg,"[1, 0]"
h (1191).jpg,"[1, 0]"
h (1192).jpg,"[1, 0]"
h (1193).jpg,"[1, 0]"
h (1194).jpg,"[1, 0]"
h (1195).jpg,"[1, 0]"
h (1196).jpg,"[1, 0]"
h (1197).jpg,"[1, 0]"
h (1198).jpg,"[1, 0]"
h (1199).jpg,"[1, 0]"
h (12).jpg,"[1, 0]"
h (120).jpg,"[1, 0]"
h (1200).jpg,"[1, 0]"
h (1201).jpg,"[1, 0]"
h (1202).jpg,"[1, 0]"
h (1203).jpg,"[1, 0]"
h (1204).jpg,"[1, 0]"
h (1205).jpg,"[1, 0]"
h (1206).jpg,"[1, 0]"
h (1207).jpg,"[1, 0]"
h (1208).jpg,"[1, 0]"
h (1209).jpg,"[1, 0]"
h (121).jpg,"[1, 0]"
h (1210).jpg,"[1, 0]"
h (1211).jpg,"[1, 0]"
h (1212).jpg,"[1, 0]"
h (1213).jpg,"[1, 0]"
h (1214).jpg,"[1, 0]"
h (1215).jpg,"[1, 0]"
h (1216).jpg,"[1, 0]"
h (1217).jpg,"[1, 0]"
h (1218).jpg,"[1, 0]"
h (1219).jpg,"[1, 0]"
h (122).jpg,"[1, 0]"
h (1220).jpg,"[1, 0]"
h (1221).jpg,"[1, 0]"
h (1222).jpg,"[1, 0]"
h (1223).jpg,"[1, 0]"
h (1224).jpg,"[1, 0]"
h (1225).jpg,"[1, 0]"
h (1226).jpg,"[1, 0]"
h (1227).jpg,"[1, 0]"
h (1228).jpg,"[1, 0]"
h (1229).jpg,"[1, 0]"
h (123).jpg,"[1, 0]"
h (1230).jpg,"[1, 0]"
h (124).jpg,"[1, 0]"
h (125).jpg,"[1, 0]"
h (126).jpg,"[1, 0]"
h (127).jpg,"[1, 0]"
h (128).jpg,"[1, 0]"
h (129).jpg,"[1, 0]"
h (13).jpg,"[1, 0]"
h (130).jpg,"[1, 0]"
h (131).jpg,"[1, 0]"
h (132).jpg,"[1, 0]"
h (133).jpg,"[1, 0]"
h (134).jpg,"[1, 0]"
h (135).jpg,"[1, 0]"
h (136).jpg,"[1, 0]"
h (137).jpg,"[1, 0]"
h (138).jpg,"[1, 0]"
h (139).jpg,"[1, 0]"
h (14).jpg,"[1, 0]"
h (140).jpg,"[1, 0]"
h (141).jpg,"[1, 0]"
h (142).jpg,"[1, 0]"
h (143).jpg,"[1, 0]"
h (144).jpg,"[1, 0]"
h (145).jpg,"[1, 0]"
h (146).jpg,"[1, 0]"
h (147).jpg,"[1, 0]"
h (148).jpg,"[1, 0]"
h (149).jpg,"[1, 0]"
h (15).jpg,"[1, 0]"
h (150).jpg,"[1, 0]"
h (151).jpg,"[1, 0]"
h (152).jpg,"[1, 0]"
h (153).jpg,"[1, 0]"
h (154).jpg,"[1, 0]"
h (155).jpg,"[1, 0]"
h (156).jpg,"[1, 0]"
h (157).jpg,"[1, 0]"
h (158).jpg,"[1, 0]"
h (159).jpg,"[1, 0]"
h (16).jpg,"[1, 0]"
h (160).jpg,"[1, 0]"
h (161).jpg,"[1, 0]"
h (162).jpg,"[1, 0]"
h (163).jpg,"[1, 0]"
h (164).jpg,"[1, 0]"
h (165).jpg,"[1, 0]"
h (166).jpg,"[1, 0]"
h (167).jpg,"[1, 0]"
h (168).jpg,"[1, 0]"
h (169).jpg,"[1, 0]"
h (17).jpg,"[1, 0]"
h (170).jpg,"[1, 0]"
h (171).jpg,"[1, 0]"
h (172).jpg,"[1, 0]"
h (173).jpg,"[1, 0]"
h (174).jpg,"[1, 0]"
h (175).jpg,"[1, 0]"
h (176).jpg,"[1, 0]"
h (177).jpg,"[1, 0]"
h (178).jpg,"[1, 0]"
h (179).jpg,"[1, 0]"
h (18).jpg,"[1, 0]"
h (180).jpg,"[1, 0]"
h (181).jpg,"[1, 0]"
h (182).jpg,"[1, 0]"
h (183).jpg,"[1, 0]"
h (184).jpg,"[1, 0]"
h (185).jpg,"[1, 0]"
h (186).jpg,"[1, 0]"
h (187).jpg,"[1, 0]"
h (188).jpg,"[1, 0]"
h (189).jpg,"[1, 0]"
h (19).jpg,"[1, 0]"
h (190).jpg,"[1, 0]"
h (191).jpg,"[1, 0]"
h (192).jpg,"[1, 0]"
h (193).jpg,"[1, 0]"
h (194).jpg,"[1, 0]"
h (195).jpg,"[1, 0]"
h (196).jpg,"[1, 0]"
h (197).jpg,"[1, 0]"
h (198).jpg,"[1, 0]"
h (199).jpg,"[1, 0]"
h (2).jpg,"[1, 0]"
h (20).jpg,"[1, 0]"
h (200).jpg,"[1, 0]"
h (201).jpg,"[1, 0]"
h (202).jpg,"[1, 0]"
h (203).jpg,"[1, 0]"
h (204).jpg,"[1, 0]"
h (205).jpg,"[1, 0]"
h (206).jpg,"[1, 0]"
h (207).jpg,"[1, 0]"
h (208).jpg,"[1, 0]"
h (209).jpg,"[1, 0]"
h (21).jpg,"[1, 0]"
h (210).jpg,"[1, 0]"
h (211).jpg,"[1, 0]"
h (212).jpg,"[1, 0]"
h (213).jpg,"[1, 0]"
h (214).jpg,"[1, 0]"
h (215).jpg,"[1, 0]"
h (216).jpg,"[1, 0]"
h (217).jpg,"[1, 0]"
h (218).jpg,"[1, 0]"
h (219).jpg,"[1, 0]"
h (22).jpg,"[1, 0]"
h (220).jpg,"[1, 0]"
h (221).jpg,"[1, 0]"
h (222).jpg,"[1, 0]"
h (223).jpg,"[1, 0]"
h (224).jpg,"[1, 0]"
h (225).jpg,"[1, 0]"
h (226).jpg,"[1, 0]"
h (227).jpg,"[1, 0]"
h (228).jpg,"[1, 0]"
h (229).jpg,"[1, 0]"
h (23).jpg,"[1, 0]"
h (230).jpg,"[1, 0]"
h (231).jpg,"[1, 0]"
h (232).jpg,"[1, 0]"
h (233).jpg,"[1, 0]"
h (234).jpg,"[1, 0]"
h (235).jpg,"[1, 0]"
h (236).jpg,"[1, 0]"
h (237).jpg,"[1, 0]"
h (238).jpg,"[1, 0]"
h (239).jpg,"[1, 0]"
h (24).jpg,"[1, 0]"
h (240).jpg,"[1, 0]"
h (241).jpg,"[1, 0]"
h (242).jpg,"[1, 0]"
h (243).jpg,"[1, 0]"
h (244).jpg,"[1, 0]"
h (245).jpg,"[1, 0]"
h (246).jpg,"[1, 0]"
h (247).jpg,"[1, 0]"
h (248).jpg,"[1, 0]"
h (249).jpg,"[1, 0]"
h (25).jpg,"[1, 0]"
h (250).jpg,"[1, 0]"
h (251).jpg,"[1, 0]"
h (252).jpg,"[1, 0]"
h (253).jpg,"[1, 0]"
h (254).jpg,"[1, 0]"
h (255).jpg,"[1, 0]"
h (256).jpg,"[1, 0]"
h (257).jpg,"[1, 0]"
h (258).jpg,"[1, 0]"
h (259).jpg,"[1, 0]"
h (26).jpg,"[1, 0]"
h (260).jpg,"[1, 0]"
h (261).jpg,"[1, 0]"
h (262).jpg,"[1, 0]"
h (263).jpg,"[1, 0]"
h (264).jpg,"[1, 0]"
h (265).jpg,"[1, 0]"
h (266).jpg,"[1, 0]"
h (267).jpg,"[1, 0]"
h (268).jpg,"[1, 0]"
h (269).jpg,"[1, 0]"
h (27).jpg,"[1, 0]"
h (270).jpg,"[1, 0]"
h (271).jpg,"[1, 0]"
h (272).jpg,"[1, 0]"
h (273).jpg,"[1, 0]"
h (274).jpg,"[1, 0]"
h (275).jpg,"[1, 0]"
h (276).jpg,"[1, 0]"
h (277).jpg,"[1, 0]"
h (278).jpg,"[1, 0]"
h (279).jpg,"[1, 0]"
h (28).jpg,"[1, 0]"
h (280).jpg,"[1, 0]"
h (281).jpg,"[1, 0]"
h (282).jpg,"[1, 0]"
h (283).jpg,"[1, 0]"
h (284).jpg,"[1, 0]"
h (285).jpg,"[1, 0]"
h (286).jpg,"[1, 0]"
h (287).jpg,"[1, 0]"
h (288).jpg,"[1, 0]"
h (289).jpg,"[1, 0]"
h (29).jpg,"[1, 0]"
h (290).jpg,"[1, 0]"
h (291).jpg,"[1, 0]"
h (292).jpg,"[1, 0]"
h (293).jpg,"[1, 0]"
h (294).jpg,"[1, 0]"
h (295).jpg,"[1, 0]"
h (296).jpg,"[1, 0]"
h (297).jpg,"[1, 0]"
h (298).jpg,"[1, 0]"
h (299).jpg,"[1, 0]"
h (3).jpg,"[1, 0]"
h (30).jpg,"[1, 0]"
h (300).jpg,"[1, 0]"
h (301).jpg,"[1, 0]"
h (302).jpg,"[1, 0]"
h (303).jpg,"[1, 0]"
h (304).jpg,"[1, 0]"
h (305).jpg,"[1, 0]"
h (306).jpg,"[1, 0]"
h (307).jpg,"[1, 0]"
h (308).jpg,"[1, 0]"
h (309).jpg,"[1, 0]"
h (31).jpg,"[1, 0]"
h (310).jpg,"[1, 0]"
h (311).jpg,"[1, 0]"
h (312).jpg,"[1, 0]"
h (313).jpg,"[1, 0]"
h (314).jpg,"[1, 0]"
h (315).jpg,"[1, 0]"
h (316).jpg,"[1, 0]"
h (317).jpg,"[1, 0]"
h (318).jpg,"[1, 0]"
h (319).jpg,"[1, 0]"
h (32).jpg,"[1, 0]"
h (320).jpg,"[1, 0]"
h (321).jpg,"[1, 0]"
h (322).jpg,"[1, 0]"
h (323).jpg,"[1, 0]"
h (324).jpg,"[1, 0]"
h (325).jpg,"[1, 0]"
h (326).jpg,"[1, 0]"
h (327).jpg,"[1, 0]"
h (328).jpg,"[1, 0]"
h (329).jpg,"[1, 0]"
h (33).jpg,"[1, 0]"
h (330).jpg,"[1, 0]"
h (331).jpg,"[1, 0]"
h (332).jpg,"[1, 0]"
h (333).jpg,"[1, 0]"
h (334).jpg,"[1, 0]"
h (335).jpg,"[1, 0]"
h (336).jpg,"[1, 0]"
h (337).jpg,"[1, 0]"
h (338).jpg,"[1, 0]"
h (339).jpg,"[1, 0]"
h (34).jpg,"[1, 0]"
h (340).jpg,"[1, 0]"
h (341).jpg,"[1, 0]"
h (342).jpg,"[1, 0]"
h (343).jpg,"[1, 0]"
h (344).jpg,"[1, 0]"
h (345).jpg,"[1, 0]"
h (346).jpg,"[1, 0]"
h (347).jpg,"[1, 0]"
h (348).jpg,"[1, 0]"
h (349).jpg,"[1, 0]"
h (35).jpg,"[1, 0]"
h (350).jpg,"[1, 0]"
h (351).jpg,"[1, 0]"
h (352).jpg,"[1, 0]"
h (353).jpg,"[1, 0]"
h (354).jpg,"[1, 0]"
h (355).jpg,"[1, 0]"
h (356).jpg,"[1, 0]"
h (357).jpg,"[1, 0]"
h (358).jpg,"[1, 0]"
h (359).jpg,"[1, 0]"
h (36).jpg,"[1, 0]"
h (360).jpg,"[1, 0]"
h (361).jpg,"[1, 0]"
h (362).jpg,"[1, 0]"
h (363).jpg,"[1, 0]"
h (364).jpg,"[1, 0]"
h (365).jpg,"[1, 0]"
h (366).jpg,"[1, 0]"
h (367).jpg,"[1, 0]"
h (368).jpg,"[1, 0]"
h (369).jpg,"[1, 0]"
h (37).jpg,"[1, 0]"
h (370).jpg,"[1, 0]"
h (371).jpg,"[1, 0]"
h (372).jpg,"[1, 0]"
h (373).jpg,"[1, 0]"
h (374).jpg,"[1, 0]"
h (375).jpg,"[1, 0]"
h (376).jpg,"[1, 0]"
h (377).jpg,"[1, 0]"
h (378).jpg,"[1, 0]"
h (379).jpg,"[1, 0]"
h (38).jpg,"[1, 0]"
h (380).jpg,"[1, 0]"
h (381).jpg,"[1, 0]"
h (382).jpg,"[1, 0]"
h (383).jpg,"[1, 0]"
h (384).jpg,"[1, 0]"
h (385).jpg,"[1, 0]"
h (386).jpg,"[1, 0]"
h (387).jpg,"[1, 0]"
h (388).jpg,"[1, 0]"
h (389).jpg,"[1, 0]"
h (39).jpg,"[1, 0]"
h (390).jpg,"[1, 0]"
h (391).jpg,"[1, 0]"
h (392).jpg,"[1, 0]"
h (393).jpg,"[1, 0]"
h (394).jpg,"[1, 0]"
h (395).jpg,"[1, 0]"
h (396).jpg,"[1, 0]"
h (397).jpg,"[1, 0]"
h (398).jpg,"[1, 0]"
h (399).jpg,"[1, 0]"
h (4).jpg,"[1, 0]"
h (40).jpg,"[1, 0]"
h (400).jpg,"[1, 0]"
h (401).jpg,"[1, 0]"
h (402).jpg,"[1, 0]"
h (403).jpg,"[1, 0]"
h (404).jpg,"[1, 0]"
h (405).jpg,"[1, 0]"
h (406).jpg,"[1, 0]"
h (407).jpg,"[1, 0]"
h (408).jpg,"[1, 0]"
h (409).jpg,"[1, 0]"
h (41).jpg,"[1, 0]"
h (410).jpg,"[1, 0]"
h (411).jpg,"[1, 0]"
h (412).jpg,"[1, 0]"
h (413).jpg,"[1, 0]"
h (414).jpg,"[1, 0]"
h (415).jpg,"[1, 0]"
h (416).jpg,"[1, 0]"
h (417).jpg,"[1, 0]"
h (418).jpg,"[1, 0]"
h (419).jpg,"[1, 0]"
h (42).jpg,"[1, 0]"
h (420).jpg,"[1, 0]"
h (421).jpg,"[1, 0]"
h (422).jpg,"[1, 0]"
h (423).jpg,"[1, 0]"
h (424).jpg,"[1, 0]"
h (425).jpg,"[1, 0]"
h (426).jpg,"[1, 0]"
h (427).jpg,"[1, 0]"
h (428).jpg,"[1, 0]"
h (429).jpg,"[1, 0]"
h (43).jpg,"[1, 0]"
h (430).jpg,"[1, 0]"
h (431).jpg,"[1, 0]"
h (432).jpg,"[1, 0]"
h (433).jpg,"[1, 0]"
h (434).jpg,"[1, 0]"
h (435).jpg,"[1, 0]"
h (436).jpg,"[1, 0]"
h (437).jpg,"[1, 0]"
h (438).jpg,"[1, 0]"
h (439).jpg,"[1, 0]"
h (44).jpg,"[1, 0]"
h (440).jpg,"[1, 0]"
h (441).jpg,"[1, 0]"
h (442).jpg,"[1, 0]"
h (443).jpg,"[1, 0]"
h (444).jpg,"[1, 0]"
h (445).jpg,"[1, 0]"
h (446).jpg,"[1, 0]"
h (447).jpg,"[1, 0]"
h (448).jpg,"[1, 0]"
h (449).jpg,"[1, 0]"
h (45).jpg,"[1, 0]"
h (450).jpg,"[1, 0]"
h (451).jpg,"[1, 0]"
h (452).jpg,"[1, 0]"
h (453).jpg,"[1, 0]"
h (454).jpg,"[1, 0]"
h (455).jpg,"[1, 0]"
h (456).jpg,"[1, 0]"
h (457).jpg,"[1, 0]"
h (458).jpg,"[1, 0]"
h (459).jpg,"[1, 0]"
h (46).jpg,"[1, 0]"
h (460).jpg,"[1, 0]"
h (461).jpg,"[1, 0]"
h (462).jpg,"[1, 0]"
h (463).jpg,"[1, 0]"
h (464).jpg,"[1, 0]"
h (465).jpg,"[1, 0]"
h (466).jpg,"[1, 0]"
h (467).jpg,"[1, 0]"
h (468).jpg,"[1, 0]"
h (469).jpg,"[1, 0]"
h (47).jpg,"[1, 0]"
h (470).jpg,"[1, 0]"
h (471).jpg,"[1, 0]"
h (472).jpg,"[1, 0]"
h (473).jpg,"[1, 0]"
h (474).jpg,"[1, 0]"
h (475).jpg,"[1, 0]"
h (476).jpg,"[1, 0]"
h (477).jpg,"[1, 0]"
h (478).jpg,"[1, 0]"
h (479).jpg,"[1, 0]"
h (48).jpg,"[1, 0]"
h (480).jpg,"[1, 0]"
h (481).jpg,"[1, 0]"
h (482).jpg,"[1, 0]"
h (483).jpg,"[1, 0]"
h (484).jpg,"[1, 0]"
h (485).jpg,"[1, 0]"
h (486).jpg,"[1, 0]"
h (487).jpg,"[1, 0]"
h (488).jpg,"[1, 0]"
h (489).jpg,"[1, 0]"
h (49).jpg,"[1, 0]"
h (490).jpg,"[1, 0]"
h (491).jpg,"[1, 0]"
h (492).jpg,"[1, 0]"
h (493).jpg,"[1, 0]"
h (494).jpg,"[1, 0]"
h (495).jpg,"[1, 0]"
h (496).jpg,"[1, 0]"
h (497).jpg,"[1, 0]"
h (498).jpg,"[1, 0]"
h (499).jpg,"[1, 0]"
h (5).jpg,"[1, 0]"
h (50).jpg,"[1, 0]"
h (500).jpg,"[1, 0]"
h (501).jpg,"[1, 0]"
h (502).jpg,"[1, 0]"
h (503).jpg,"[1, 0]"
h (504).jpg,"[1, 0]"
h (505).jpg,"[1, 0]"
h (506).jpg,"[1, 0]"
h (507).jpg,"[1, 0]"
h (508).jpg,"[1, 0]"
h (509).jpg,"[1, 0]"
h (51).jpg,"[1, 0]"
h (510).jpg,"[1, 0]"
h (511).jpg,"[1, 0]"
h (512).jpg,"[1, 0]"
h (513).jpg,"[1, 0]"
h (514).jpg,"[1, 0]"
h (515).jpg,"[1, 0]"
h (516).jpg,"[1, 0]"
h (517).jpg,"[1, 0]"
h (518).jpg,"[1, 0]"
h (519).jpg,"[1, 0]"
h (52).jpg,"[1, 0]"
h (520).jpg,"[1, 0]"
h (521).jpg,"[1, 0]"
h (522).jpg,"[1, 0]"
h (523).jpg,"[1, 0]"
h (524).jpg,"[1, 0]"
h (525).jpg,"[1, 0]"
h (526).jpg,"[1, 0]"
h (527).jpg,"[1, 0]"
h (528).jpg,"[1, 0]"
h (529).jpg,"[1, 0]"
h (53).jpg,"[1, 0]"
h (530).jpg,"[1, 0]"
h (531).jpg,"[1, 0]"
h (532).jpg,"[1, 0]"
h (533).jpg,"[1, 0]"
h (534).jpg,"[1, 0]"
h (535).jpg,"[1, 0]"
h (536).jpg,"[1, 0]"
h (537).jpg,"[1, 0]"
h (538).jpg,"[1, 0]"
h (539).jpg,"[1, 0]"
h (54).jpg,"[1, 0]"
h (540).jpg,"[1, 0]"
h (541).jpg,"[1, 0]"
h (542).jpg,"[1, 0]"
h (543).jpg,"[1, 0]"
h (544).jpg,"[1, 0]"
h (545).jpg,"[1, 0]"
h (546).jpg,"[1, 0]"
h (547).jpg,"[1, 0]"
h (548).jpg,"[1, 0]"
h (549).jpg,"[1, 0]"
h (55).jpg,"[1, 0]"
h (550).jpg,"[1, 0]"
h (551).jpg,"[1, 0]"
h (552).jpg,"[1, 0]"
h (553).jpg,"[1, 0]"
h (554).jpg,"[1, 0]"
h (555).jpg,"[1, 0]"
h (556).jpg,"[1, 0]"
h (557).jpg,"[1, 0]"
h (558).jpg,"[1, 0]"
h (559).jpg,"[1, 0]"
h (56).jpg,"[1, 0]"
h (560).jpg,"[1, 0]"
h (561).jpg,"[1, 0]"
h (562).jpg,"[1, 0]"
h (563).jpg,"[1, 0]"
h (564).jpg,"[1, 0]"
h (565).jpg,"[1, 0]"
h (566).jpg,"[1, 0]"
h (567).jpg,"[1, 0]"
h (568).jpg,"[1, 0]"
h (569).jpg,"[1, 0]"
h (57).jpg,"[1, 0]"
h (570).jpg,"[1, 0]"
h (571).jpg,"[1, 0]"
h (572).jpg,"[1, 0]"
h (573).jpg,"[1, 0]"
h (574).jpg,"[1, 0]"
h (575).jpg,"[1, 0]"
h (576).jpg,"[1, 0]"
h (577).jpg,"[1, 0]"
h (578).jpg,"[1, 0]"
h (579).jpg,"[1, 0]"
h (58).jpg,"[1, 0]"
h (580).jpg,"[1, 0]"
h (581).jpg,"[1, 0]"
h (582).jpg,"[1, 0]"
h (583).jpg,"[1, 0]"
h (584).jpg,"[1, 0]"
h (585).jpg,"[1, 0]"
h (586).jpg,"[1, 0]"
h (587).jpg,"[1, 0]"
h (588).jpg,"[1, 0]"
h (589).jpg,"[1, 0]"
h (59).jpg,"[1, 0]"
h (590).jpg,"[1, 0]"
h (591).jpg,"[1, 0]"
h (592).jpg,"[1, 0]"
h (593).jpg,"[1, 0]"
h (594).jpg,"[1, 0]"
h (595).jpg,"[1, 0]"
h (596).jpg,"[1, 0]"
h (597).jpg,"[1, 0]"
h (598).jpg,"[1, 0]"
h (599).jpg,"[1, 0]"
h (6).jpg,"[1, 0]"
h (60).jpg,"[1, 0]"
h (600).jpg,"[1, 0]"
h (601).jpg,"[1, 0]"
h (602).jpg,"[1, 0]"
h (603).jpg,"[1, 0]"
h (604).jpg,"[1, 0]"
h (605).jpg,"[1, 0]"
h (606).jpg,"[1, 0]"
h (607).jpg,"[1, 0]"
h (608).jpg,"[1, 0]"
h (609).jpg,"[1, 0]"
h (61).jpg,"[1, 0]"
h (610).jpg,"[1, 0]"
h (611).jpg,"[1, 0]"
h (612).jpg,"[1, 0]"
h (613).jpg,"[1, 0]"
h (614).jpg,"[1, 0]"
h (615).jpg,"[1, 0]"
h (616).jpg,"[1, 0]"
h (617).jpg,"[1, 0]"
h (618).jpg,"[1, 0]"
h (619).jpg,"[1, 0]"
h (62).jpg,"[1, 0]"
h (620).jpg,"[1, 0]"
h (621).jpg,"[1, 0]"
h (622).jpg,"[1, 0]"
h (623).jpg,"[1, 0]"
h (624).jpg,"[1, 0]"
h (625).jpg,"[1, 0]"
h (626).jpg,"[1, 0]"
h (627).jpg,"[1, 0]"
h (628).jpg,"[1, 0]"
h (629).jpg,"[1, 0]"
h (63).jpg,"[1, 0]"
h (630).jpg,"[1, 0]"
h (631).jpg,"[1, 0]"
h (632).jpg,"[1, 0]"
h (633).jpg,"[1, 0]"
h (634).jpg,"[1, 0]"
h (635).jpg,"[1, 0]"
h (636).jpg,"[1, 0]"
h (637).jpg,"[1, 0]"
h (638).jpg,"[1, 0]"
h (639).jpg,"[1, 0]"
h (64).jpg,"[1, 0]"
h (640).jpg,"[1, 0]"
h (641).jpg,"[1, 0]"
h (642).jpg,"[1, 0]"
h (643).jpg,"[1, 0]"
h (644).jpg,"[1, 0]"
h (645).jpg,"[1, 0]"
h (646).jpg,"[1, 0]"
h (647).jpg,"[1, 0]"
h (648).jpg,"[1, 0]"
h (649).jpg,"[1, 0]"
h (65).jpg,"[1, 0]"
h (650).jpg,"[1, 0]"
h (651).jpg,"[1, 0]"
h (652).jpg,"[1, 0]"
h (653).jpg,"[1, 0]"
h (654).jpg,"[1, 0]"
h (655).jpg,"[1, 0]"
h (656).jpg,"[1, 0]"
h (657).jpg,"[1, 0]"
h (658).jpg,"[1, 0]"
h (659).jpg,"[1, 0]"
h (66).jpg,"[1, 0]"
h (660).jpg,"[1, 0]"
h (661).jpg,"[1, 0]"
h (662).jpg,"[1, 0]"
h (663).jpg,"[1, 0]"
h (664).jpg,"[1, 0]"
h (665).jpg,"[1, 0]"
h (666).jpg,"[1, 0]"
h (667).jpg,"[1, 0]"
h (668).jpg,"[1, 0]"
h (669).jpg,"[1, 0]"
h (67).jpg,"[1, 0]"
h (670).jpg,"[1, 0]"
h (671).jpg,"[1, 0]"
h (672).jpg,"[1, 0]"
h (673).jpg,"[1, 0]"
h (674).jpg,"[1, 0]"
h (675).jpg,"[1, 0]"
h (676).jpg,"[1, 0]"
h (677).jpg,"[1, 0]"
h (678).jpg,"[1, 0]"
h (679).jpg,"[1, 0]"
h (68).jpg,"[1, 0]"
h (680).jpg,"[1, 0]"
h (681).jpg,"[1, 0]"
h (682).jpg,"[1, 0]"
h (683).jpg,"[1, 0]"
h (684).jpg,"[1, 0]"
h (685).jpg,"[1, 0]"
h (686).jpg,"[1, 0]"
h (687).jpg,"[1, 0]"
h (688).jpg,"[1, 0]"
h (689).jpg,"[1, 0]"
h (69).jpg,"[1, 0]"
h (690).jpg,"[1, 0]"
h (691).jpg,"[1, 0]"
h (692).jpg,"[1, 0]"
h (693).jpg,"[1, 0]"
h (694).jpg,"[1, 0]"
h (695).jpg,"[1, 0]"
h (696).jpg,"[1, 0]"
h (697).jpg,"[1, 0]"
h (698).jpg,"[1, 0]"
h (699).jpg,"[1, 0]"
h (7).jpg,"[1, 0]"
h (70).jpg,"[1, 0]"
h (700).jpg,"[1, 0]"
h (701).jpg,"[1, 0]"
h (702).jpg,"[1, 0]"
h (703).jpg,"[1, 0]"
h (704).jpg,"[1, 0]"
h (705).jpg,"[1, 0]"
h (706).jpg,"[1, 0]"
h (707).jpg,"[1, 0]"
h (708).jpg,"[1, 0]"
h (709).jpg,"[1, 0]"
h (71).jpg,"[1, 0]"
h (710).jpg,"[1, 0]"
h (711).jpg,"[1, 0]"
h (712).jpg,"[1, 0]"
h (713).jpg,"[1, 0]"
h (714).jpg,"[1, 0]"
h (715).jpg,"[1, 0]"
h (716).jpg,"[1, 0]"
h (717).jpg,"[1, 0]"
h (718).jpg,"[1, 0]"
h (719).jpg,"[1, 0]"
h (72).jpg,"[1, 0]"
h (720).jpg,"[1, 0]"
h (721).jpg,"[1, 0]"
h (722).jpg,"[1, 0]"
h (723).jpg,"[1, 0]"
h (724).jpg,"[1, 0]"
h (725).jpg,"[1, 0]"
h (726).jpg,"[1, 0]"
h (727).jpg,"[1, 0]"
h (728).jpg,"[1, 0]"
h (729).jpg,"[1, 0]"
h (73).jpg,"[1, 0]"
h (730).jpg,"[1, 0]"
h (731).jpg,"[1, 0]"
h (732).jpg,"[1, 0]"
h (733).jpg,"[1, 0]"
h (734).jpg,"[1, 0]"
h (735).jpg,"[1, 0]"
h (736).jpg,"[1, 0]"
h (737).jpg,"[1, 0]"
h (738).jpg,"[1, 0]"
h (739).jpg,"[1, 0]"
h (74).jpg,"[1, 0]"
h (740).jpg,"[1, 0]"
h (741).jpg,"[1, 0]"
h (742).jpg,"[1, 0]"
h (743).jpg,"[1, 0]"
h (744).jpg,"[1, 0]"
h (745).jpg,"[1, 0]"
h (746).jpg,"[1, 0]"
h (747).jpg,"[1, 0]"
h (748).jpg,"[1, 0]"
h (749).jpg,"[1, 0]"
h (75).jpg,"[1, 0]"
h (750).jpg,"[1, 0]"
h (751).jpg,"[1, 0]"
h (752).jpg,"[1, 0]"
h (753).jpg,"[1, 0]"
h (754).jpg,"[1, 0]"
h (755).jpg,"[1, 0]"
h (756).jpg,"[1, 0]"
h (757).jpg,"[1, 0]"
h (758).jpg,"[1, 0]"
h (759).jpg,"[1, 0]"
h (76).jpg,"[1, 0]"
h (760).jpg,"[1, 0]"
h (761).jpg,"[1, 0]"
h (762).jpg,"[1, 0]"
h (763).jpg,"[1, 0]"
h (764).jpg,"[1, 0]"
h (765).jpg,"[1, 0]"
h (766).jpg,"[1, 0]"
h (767).jpg,"[1, 0]"
h (768).jpg,"[1, 0]"
h (769).jpg,"[1, 0]"
h (77).jpg,"[1, 0]"
h (770).jpg,"[1, 0]"
h (771).jpg,"[1, 0]"
h (772).jpg,"[1, 0]"
h (773).jpg,"[1, 0]"
h (774).jpg,"[1, 0]"
h (775).jpg,"[1, 0]"
h (776).jpg,"[1, 0]"
h (777).jpg,"[1, 0]"
h (778).jpg,"[1, 0]"
h (779).jpg,"[1, 0]"
h (78).jpg,"[1, 0]"
h (780).jpg,"[1, 0]"
h (781).jpg,"[1, 0]"
h (782).jpg,"[1, 0]"
h (783).jpg,"[1, 0]"
h (784).jpg,"[1, 0]"
h (785).jpg,"[1, 0]"
h (786).jpg,"[1, 0]"
h (787).jpg,"[1, 0]"
h (788).jpg,"[1, 0]"
h (789).jpg,"[1, 0]"
h (79).jpg,"[1, 0]"
h (790).jpg,"[1, 0]"
h (791).jpg,"[1, 0]"
h (792).jpg,"[1, 0]"
h (793).jpg,"[1, 0]"
h (794).jpg,"[1, 0]"
h (795).jpg,"[1, 0]"
h (796).jpg,"[1, 0]"
h (797).jpg,"[1, 0]"
h (798).jpg,"[1, 0]"
h (799).jpg,"[1, 0]"
h (8).jpg,"[1, 0]"
h (80).jpg,"[1, 0]"
h (800).jpg,"[1, 0]"
h (801).jpg,"[1, 0]"
h (802).jpg,"[1, 0]"
h (803).jpg,"[1, 0]"
h (804).jpg,"[1, 0]"
h (805).jpg,"[1, 0]"
h (806).jpg,"[1, 0]"
h (807).jpg,"[1, 0]"
h (808).jpg,"[1, 0]"
h (809).jpg,"[1, 0]"
h (81).jpg,"[1, 0]"
h (810).jpg,"[1, 0]"
h (811).jpg,"[1, 0]"
h (812).jpg,"[1, 0]"
h (813).jpg,"[1, 0]"
h (814).jpg,"[1, 0]"
h (815).jpg,"[1, 0]"
h (816).jpg,"[1, 0]"
h (817).jpg,"[1, 0]"
h (818).jpg,"[1, 0]"
h (819).jpg,"[1, 0]"
h (82).jpg,"[1, 0]"
h (820).jpg,"[1, 0]"
h (821).jpg,"[1, 0]"
h (822).jpg,"[1, 0]"
h (823).jpg,"[1, 0]"
h (824).jpg,"[1, 0]"
h (825).jpg,"[1, 0]"
h (826).jpg,"[1, 0]"
h (827).jpg,"[1, 0]"
h (828).jpg,"[1, 0]"
h (829).jpg,"[1, 0]"
h (83).jpg,"[1, 0]"
h (830).jpg,"[1, 0]"
h (831).jpg,"[1, 0]"
h (832).jpg,"[1, 0]"
h (833).jpg,"[1, 0]"
h (834).jpg,"[1, 0]"
h (835).jpg,"[1, 0]"
h (836).jpg,"[1, 0]"
h (837).jpg,"[1, 0]"
h (838).jpg,"[1, 0]"
h (839).jpg,"[1, 0]"
h (84).jpg,"[1, 0]"
h (840).jpg,"[1, 0]"
h (841).jpg,"[1, 0]"
h (842).jpg,"[1, 0]"
h (843).jpg,"[1, 0]"
h (844).jpg,"[1, 0]"
h (845).jpg,"[1, 0]"
h (846).jpg,"[1, 0]"
h (847).jpg,"[1, 0]"
h (848).jpg,"[1, 0]"
h (849).jpg,"[1, 0]"
h (85).jpg,"[1, 0]"
h (850).jpg,"[1, 0]"
h (851).jpg,"[1, 0]"
h (852).jpg,"[1, 0]"
h (853).jpg,"[1, 0]"
h (854).jpg,"[1, 0]"
h (855).jpg,"[1, 0]"
h (856).jpg,"[1, 0]"
h (857).jpg,"[1, 0]"
h (858).jpg,"[1, 0]"
h (859).jpg,"[1, 0]"
h (86).jpg,"[1, 0]"
h (860).jpg,"[1, 0]"
h (861).jpg,"[1, 0]"
h (862).jpg,"[1, 0]"
h (863).jpg,"[1, 0]"
h (864).jpg,"[1, 0]"
h (865).jpg,"[1, 0]"
h (866).jpg,"[1, 0]"
h (867).jpg,"[1, 0]"
h (868).jpg,"[1, 0]"
h (869).jpg,"[1, 0]"
h (87).jpg,"[1, 0]"
h (870).jpg,"[1, 0]"
h (871).jpg,"[1, 0]"
h (872).jpg,"[1, 0]"
h (873).jpg,"[1, 0]"
h (874).jpg,"[1, 0]"
h (875).jpg,"[1, 0]"
h (876).jpg,"[1, 0]"
h (877).jpg,"[1, 0]"
h (878).jpg,"[1, 0]"
h (879).jpg,"[1, 0]"
h (88).jpg,"[1, 0]"
h (880).jpg,"[1, 0]"
h (881).jpg,"[1, 0]"
h (882).jpg,"[1, 0]"
h (883).jpg,"[1, 0]"
h (884).jpg,"[1, 0]"
h (885).jpg,"[1, 0]"
h (886).jpg,"[1, 0]"
h (887).jpg,"[1, 0]"
h (888).jpg,"[1, 0]"
h (889).jpg,"[1, 0]"
h (89).jpg,"[1, 0]"
h (890).jpg,"[1, 0]"
h (891).jpg,"[1, 0]"
h (892).jpg,"[1, 0]"
h (893).jpg,"[1, 0]"
h (894).jpg,"[1, 0]"
h (895).jpg,"[1, 0]"
h (896).jpg,"[1, 0]"
h (897).jpg,"[1, 0]"
h (898).jpg,"[1, 0]"
h (899).jpg,"[1, 0]"
h (9).jpg,"[1, 0]"
h (90).jpg,"[1, 0]"
h (900).jpg,"[1, 0]"
h (901).jpg,"[1, 0]"
h (902).jpg,"[1, 0]"
h (903).jpg,"[1, 0]"
h (904).jpg,"[1, 0]"
h (905).jpg,"[1, 0]"
h (906).jpg,"[1, 0]"
h (907).jpg,"[1, 0]"
h (908).jpg,"[1, 0]"
h (909).jpg,"[1, 0]"
h (91).jpg,"[1, 0]"
h (910).jpg,"[1, 0]"
h (911).jpg,"[1, 0]"
h (912).jpg,"[1, 0]"
h (913).jpg,"[1, 0]"
h (914).jpg,"[1, 0]"
h (915).jpg,"[1, 0]"
h (916).jpg,"[1, 0]"
h (917).jpg,"[1, 0]"
h (918).jpg,"[1, 0]"
h (919).jpg,"[1, 0]"
h (92).jpg,"[1, 0]"
h (920).jpg,"[1, 0]"
h (921).jpg,"[1, 0]"
h (922).jpg,"[1, 0]"
h (923).jpg,"[1, 0]"
h (924).jpg,"[1, 0]"
h (925).jpg,"[1, 0]"
h (926).jpg,"[1, 0]"
h (927).jpg,"[1, 0]"
h (928).jpg,"[1, 0]"
h (929).jpg,"[1, 0]"
h (93).jpg,"[1, 0]"
h (930).jpg,"[1, 0]"
h (931).jpg,"[1, 0]"
h (932).jpg,"[1, 0]"
h (933).jpg,"[1, 0]"
h (934).jpg,"[1, 0]"
h (935).jpg,"[1, 0]"
h (936).jpg,"[1, 0]"
h (937).jpg,"[1, 0]"
h (938).jpg,"[1, 0]"
h (939).jpg,"[1, 0]"
h (94).jpg,"[1, 0]"
h (940).jpg,"[1, 0]"
h (941).jpg,"[1, 0]"
h (942).jpg,"[1, 0]"
h (943).jpg,"[1, 0]"
h (944).jpg,"[1, 0]"
h (945).jpg,"[1, 0]"
h (946).jpg,"[1, 0]"
h (947).jpg,"[1, 0]"
h (948).jpg,"[1, 0]"
h (949).jpg,"[1, 0]"
h (95).jpg,"[1, 0]"
h (950).jpg,"[1, 0]"
h (951).jpg,"[1, 0]"
h (952).jpg,"[1, 0]"
h (953).jpg,"[1, 0]"
h (954).jpg,"[1, 0]"
h (955).jpg,"[1, 0]"
h (956).jpg,"[1, 0]"
h (957).jpg,"[1, 0]"
h (958).jpg,"[1, 0]"
h (959).jpg,"[1, 0]"
h (96).jpg,"[1, 0]"
h (960).jpg,"[1, 0]"
h (961).jpg,"[1, 0]"
h (962).jpg,"[1, 0]"
h (963).jpg,"[1, 0]"
h (964).jpg,"[1, 0]"
h (965).jpg,"[1, 0]"
h (966).jpg,"[1, 0]"
h (967).jpg,"[1, 0]"
h (968).jpg,"[1, 0]"
h (969).jpg,"[1, 0]"
h (97).jpg,"[1, 0]"
h (970).jpg,"[1, 0]"
h (971).jpg,"[1, 0]"
h (972).jpg,"[1, 0]"
h (973).jpg,"[1, 0]"
h (974).jpg,"[1, 0]"
h (975).jpg,"[1, 0]"
h (976).jpg,"[1, 0]"
h (977).jpg,"[1, 0]"
h (978).jpg,"[1, 0]"
h (979).jpg,"[1, 0]"
h (98).jpg,"[1, 0]"
h (980).jpg,"[1, 0]"
h (981).jpg,"[1, 0]"
h (982).jpg,"[1, 0]"
h (983).jpg,"[1, 0]"
h (984).jpg,"[1, 0]"
h (985).jpg,"[1, 0]"
h (986).jpg,"[1, 0]"
h (987).jpg,"[1, 0]"
h (988).jpg,"[1, 0]"
h (989).jpg,"[1, 0]"
h (99).jpg,"[1, 0]"
h (990).jpg,"[1, 0]"
h (991).jpg,"[1, 0]"
h (992).jpg,"[1, 0]"
h (993).jpg,"[1, 0]"
h (994).jpg,"[1, 0]"
h (995).jpg,"[1, 0]"
h (996).jpg,"[1, 0]"
h (997).jpg,"[1, 0]"
h (998).jpg,"[1, 0]"
h (999).jpg,"[1, 0]"
